BEGIN TRANSACTION;
CREATE TABLE chat_rooms (
	id INTEGER NOT NULL PRIMARY KEY AUTOINCREMENT, 
	user_id INTEGER NOT NULL, 
	project_id INTEGER NOT NULL, 
	match_id INTEGER, 
	last_message_at DATETIME, 
	last_message_preview VARCHAR(200), 
	unread_count_user INTEGER, 
	unread_count_owner INTEGER, 
	created_at DATETIME DEFAULT CURRENT_TIMESTAMP, 
	FOREIGN KEY(user_id) REFERENCES users (id), 
	FOREIGN KEY(project_id) REFERENCES projects (id), 
	FOREIGN KEY(match_id) REFERENCES matches (id)
);
INSERT INTO "chat_rooms" VALUES(1,4,2,1,NULL,NULL,0,0,'2025-11-03 05:10:01');
INSERT INTO "chat_rooms" VALUES(2,5,3,3,NULL,NULL,0,0,'2025-11-03 05:17:33');
INSERT INTO "chat_rooms" VALUES(3,6,3,6,NULL,NULL,0,0,'2025-11-03 05:21:10');
INSERT INTO "chat_rooms" VALUES(4,6,6,9,'2025-11-04 05:56:29.459969','Do you prefer working solo or in a team?',0,0,'2025-11-03 05:29:36');
INSERT INTO "chat_rooms" VALUES(5,7,4,13,'2025-11-03 05:36:50.310780','Hey there',0,0,'2025-11-03 05:34:44');
INSERT INTO "chat_rooms" VALUES(6,6,8,21,NULL,NULL,0,0,'2025-11-04 04:55:14');
INSERT INTO "chat_rooms" VALUES(7,6,7,10,'2025-11-04 05:22:56.130739','Abhinav_Dhir_Resume-2 - ABHINAV DHIR.pdf',0,0,'2025-11-04 04:55:29');
INSERT INTO "chat_rooms" VALUES(8,4,3,24,NULL,NULL,0,0,'2025-11-04 07:08:09');
CREATE TABLE email_verifications (
	id INTEGER NOT NULL, 
	user_id INTEGER NOT NULL, 
	otp_hash VARCHAR NOT NULL, 
	expires_at DATETIME NOT NULL, 
	consumed BOOLEAN NOT NULL, 
	attempts INTEGER NOT NULL, 
	created_at DATETIME DEFAULT CURRENT_TIMESTAMP, 
	PRIMARY KEY (id), 
	FOREIGN KEY(user_id) REFERENCES users (id)
);
CREATE TABLE icebreakers (
	id INTEGER NOT NULL, 
	category VARCHAR NOT NULL, 
	template_text VARCHAR NOT NULL, 
	is_active BOOLEAN, 
	usage_count INTEGER, 
	created_at DATETIME DEFAULT CURRENT_TIMESTAMP, 
	PRIMARY KEY (id)
);
INSERT INTO "icebreakers" VALUES(1,'project','What''s the most challenging part of this project?',1,1,'2025-11-04 05:54:13');
INSERT INTO "icebreakers" VALUES(2,'skills','What technologies are you most excited to work with?',1,1,'2025-11-04 05:54:13');
INSERT INTO "icebreakers" VALUES(3,'availability','How many hours per week can you commit?',1,0,'2025-11-04 05:54:13');
INSERT INTO "icebreakers" VALUES(4,'technical','What''s your experience with the required tech stack?',1,0,'2025-11-04 05:54:13');
INSERT INTO "icebreakers" VALUES(5,'team','Do you prefer working solo or in a team?',1,1,'2025-11-04 05:54:13');
INSERT INTO "icebreakers" VALUES(6,'general','What excites you most about this project?',1,0,'2025-11-04 05:54:13');
INSERT INTO "icebreakers" VALUES(7,'goals','What are you hoping to learn from this?',1,0,'2025-11-04 05:54:13');
INSERT INTO "icebreakers" VALUES(8,'collaboration','How do you prefer to communicate?',1,0,'2025-11-04 05:54:13');
INSERT INTO "icebreakers" VALUES(9,'timeline','What''s your ideal project timeline?',1,0,'2025-11-04 05:54:13');
INSERT INTO "icebreakers" VALUES(10,'experience','Tell me about a similar project you''ve worked on',1,0,'2025-11-04 05:54:13');
CREATE TABLE matches (
	id INTEGER NOT NULL, 
	user_id INTEGER NOT NULL, 
	project_id INTEGER NOT NULL, 
	action VARCHAR NOT NULL, 
	created_at DATETIME DEFAULT CURRENT_TIMESTAMP, 
	PRIMARY KEY (id), 
	FOREIGN KEY(user_id) REFERENCES users (id), 
	FOREIGN KEY(project_id) REFERENCES projects (id)
);
INSERT INTO "matches" VALUES(1,4,2,'pass','2025-11-03 05:10:01');
INSERT INTO "matches" VALUES(2,4,1,'pass','2025-11-03 05:10:09');
INSERT INTO "matches" VALUES(3,5,3,'match','2025-11-03 05:17:33');
INSERT INTO "matches" VALUES(4,5,2,'pass','2025-11-03 05:17:54');
INSERT INTO "matches" VALUES(5,5,1,'pass','2025-11-03 05:17:59');
INSERT INTO "matches" VALUES(6,6,3,'match','2025-11-03 05:21:10');
INSERT INTO "matches" VALUES(7,6,2,'pass','2025-11-03 05:21:28');
INSERT INTO "matches" VALUES(8,6,1,'pass','2025-11-03 05:21:33');
INSERT INTO "matches" VALUES(9,6,6,'match','2025-11-03 05:29:36');
INSERT INTO "matches" VALUES(10,6,7,'match','2025-11-03 05:30:12');
INSERT INTO "matches" VALUES(11,6,4,'pass','2025-11-03 05:30:32');
INSERT INTO "matches" VALUES(12,6,5,'pass','2025-11-03 05:30:43');
INSERT INTO "matches" VALUES(13,7,4,'match','2025-11-03 05:34:44');
INSERT INTO "matches" VALUES(14,7,7,'pass','2025-11-03 05:34:54');
INSERT INTO "matches" VALUES(15,7,5,'pass','2025-11-03 05:34:56');
INSERT INTO "matches" VALUES(16,7,6,'pass','2025-11-03 05:34:57');
INSERT INTO "matches" VALUES(17,7,1,'pass','2025-11-03 05:34:59');
INSERT INTO "matches" VALUES(18,7,3,'pass','2025-11-03 05:35:05');
INSERT INTO "matches" VALUES(19,7,2,'pass','2025-11-03 05:35:06');
INSERT INTO "matches" VALUES(20,4,8,'pass','2025-11-04 04:53:43');
INSERT INTO "matches" VALUES(21,6,8,'match','2025-11-04 04:55:14');
INSERT INTO "matches" VALUES(22,4,7,'pass','2025-11-04 07:08:07');
INSERT INTO "matches" VALUES(23,4,6,'pass','2025-11-04 07:08:08');
INSERT INTO "matches" VALUES(24,4,3,'match','2025-11-04 07:08:09');
CREATE TABLE messages (
	id INTEGER NOT NULL, 
	room_id INTEGER NOT NULL, 
	sender_id INTEGER NOT NULL, 
	message_type VARCHAR, 
	content TEXT NOT NULL, 
	file_url VARCHAR, 
	file_name VARCHAR, 
	file_size INTEGER, 
	is_read BOOLEAN, 
	read_at DATETIME, 
	edited BOOLEAN, 
	deleted BOOLEAN, 
	created_at DATETIME DEFAULT CURRENT_TIMESTAMP, 
	updated_at DATETIME, 
	PRIMARY KEY (id), 
	FOREIGN KEY(room_id) REFERENCES chat_rooms (id), 
	FOREIGN KEY(sender_id) REFERENCES users (id)
);
INSERT INTO "messages" VALUES(1,5,7,'text','Hey there',NULL,NULL,NULL,1,'2025-11-03 05:40:26.157313',0,0,'2025-11-03 05:36:50','2025-11-03 05:40:26');
INSERT INTO "messages" VALUES(2,7,6,'file','A1(Q3).png','/uploads/chat/6_1762233453_A1(Q3).png','A1(Q3).png',30945,1,'2025-11-04 05:23:34.760764',0,0,'2025-11-04 05:17:33','2025-11-04 05:23:34');
INSERT INTO "messages" VALUES(3,7,6,'file','Abhinav_Dhir_Resume-2 - ABHINAV DHIR.pdf','/uploads/chat/6_1762233464_Abhinav_Dhir_Resume-2 - ABHINAV DHIR.pdf','Abhinav_Dhir_Resume-2 - ABHINAV DHIR.pdf',95876,1,'2025-11-04 05:23:34.760764',0,0,'2025-11-04 05:17:44','2025-11-04 05:23:34');
INSERT INTO "messages" VALUES(4,7,6,'file','Abhinav_Dhir_Resume-2 - ABHINAV DHIR.pdf','/uploads/chat/6_1762233776_Abhinav_Dhir_Resume-2 - ABHINAV DHIR.pdf','Abhinav_Dhir_Resume-2 - ABHINAV DHIR.pdf',95876,1,'2025-11-04 05:23:34.761269',0,0,'2025-11-04 05:22:56','2025-11-04 05:23:34');
INSERT INTO "messages" VALUES(5,4,4,'text','Do you prefer working solo or in a team?',NULL,NULL,NULL,1,'2025-11-04 07:00:46.255374',0,0,'2025-11-04 05:56:29','2025-11-04 07:00:46');
CREATE TABLE password_resets (
	id INTEGER NOT NULL, 
	user_id INTEGER NOT NULL, 
	token VARCHAR NOT NULL, 
	expires_at DATETIME NOT NULL, 
	used BOOLEAN NOT NULL, 
	created_at DATETIME DEFAULT CURRENT_TIMESTAMP, 
	PRIMARY KEY (id), 
	FOREIGN KEY(user_id) REFERENCES users (id)
);
INSERT INTO "password_resets" VALUES(1,4,'xo8f-0jAHSOJx4LLKSJ4QgHm4FAoU9x8hRkpnUFdpHk','2025-11-03 06:11:46.253751',0,'2025-11-03 05:11:46');
CREATE TABLE presignup_verifications (
	id INTEGER NOT NULL, 
	email VARCHAR NOT NULL, 
	otp_hash VARCHAR NOT NULL, 
	expires_at DATETIME NOT NULL, 
	consumed BOOLEAN NOT NULL, 
	attempts INTEGER NOT NULL, 
	verified_at DATETIME, 
	created_at DATETIME DEFAULT CURRENT_TIMESTAMP, 
	PRIMARY KEY (id)
);
INSERT INTO "presignup_verifications" VALUES(1,'purvikabansal05@gmail.com','7586a65934f829d45dfb28f499f100964d51fbaeeaf2ec8d2ffc2c0853006a40','2025-11-03 05:15:33.981272',1,0,'2025-11-03 05:06:04.367955','2025-11-03 05:05:33');
INSERT INTO "presignup_verifications" VALUES(2,'arpitasethi3105@gmail.com','c94ec58dcbf4331747fbcd31fa9ed9c70f3fe0eee5c259123d0605d640123427','2025-11-03 05:26:12.251017',1,0,'2025-11-03 05:16:58.645715','2025-11-03 05:16:12');
INSERT INTO "presignup_verifications" VALUES(3,'devanshk05@gmail.com','b03a74d826cdf07949f09ac5e009686717dbd4a81379e8f775c33533e9de03c1','2025-11-03 05:29:09.350965',1,0,'2025-11-03 05:19:28.024378','2025-11-03 05:19:09');
INSERT INTO "presignup_verifications" VALUES(4,'abhinavdhir.2517@gmail.com','ae9c1f417fb57cb7a48aa8214115dd10c5be061dbebc2fccdd65a2fa8a0c3c31','2025-11-03 05:41:59.114971',1,0,'2025-11-03 05:32:24.850067','2025-11-03 05:31:59');
CREATE TABLE projects (
	id INTEGER NOT NULL, 
	owner_id INTEGER NOT NULL, 
	title VARCHAR(256) NOT NULL, 
	description TEXT, 
	required_skills JSON, 
	required_roles JSON, 
	min_experience INTEGER, 
	max_experience INTEGER, 
	timezone VARCHAR, 
	embedding JSON, 
	created_at DATETIME DEFAULT CURRENT_TIMESTAMP, 
	PRIMARY KEY (id), 
	FOREIGN KEY(owner_id) REFERENCES users (id)
);
INSERT INTO "projects" VALUES(1,1,'AI-Powered Chatbot Platform','Build an intelligent chatbot using LLMs and vector databases for context-aware conversations with RAG pipeline','["python", "langchain", "openai", "pinecone", "fastapi", "redis"]','["ml_engineer", "backend"]',2,5,'UTC+5:30','[-0.04691958799958229, -0.10535631328821182, 0.013831216841936111, 0.008025388233363628, -0.015168375335633755, -0.1278185248374939, 0.05346346274018288, -0.007821423932909966, -0.038414131850004196, -0.0345541387796402, -0.0348455011844635, -0.064996637403965, 0.014791288413107395, 0.014445438049733639, 0.08152012526988983, 0.09131865948438644, 0.08378370851278305, 0.0020168842747807503, 0.03360654413700104, -0.03541790321469307, -0.0025968854315578938, 0.08942757546901703, 0.09493610262870789, -0.03967203199863434, 0.022793978452682495, -0.0208585187792778, 0.013482967391610146, -0.04367512837052345, 0.007856096141040325, -0.04871401563286781, 0.04132877290248871, 0.04319949448108673, 0.05645019933581352, 0.08885525166988373, -0.02082587219774723, 0.09679589420557022, -0.026561757549643517, -0.043595291674137115, -0.0031443096231669188, 0.004131126217544079, -0.10756755620241165, -0.03096136450767517, 0.0020866431295871735, -0.050917599350214005, 0.03352336212992668, 0.007390279788523912, -0.07539138942956924, 0.013797534629702568, 0.0456264391541481, 0.030011910945177078, -0.11589652299880981, -0.09918157011270523, 0.05095009505748749, 0.06811104714870453, -0.0894586592912674, 0.056869927793741226, -0.007998333312571049, -0.0014041847316548228, 0.06371773779392242, -0.034945208579301834, -0.013676050119102001, -0.0102865444496274, 0.04147657752037048, 0.013770735822618008, -0.03996219113469124, 0.04549835994839668, -0.042913325130939484, 0.03992777690291405, 0.022775031626224518, -0.07122667878866196, -0.012405789457261562, 0.006432098802179098, -0.04620099812746048, 0.04741636663675308, -0.03980031982064247, 0.0085848867893219, 0.02481972798705101, -0.03032827004790306, 0.06668010354042053, -0.011702983640134335, -0.05838700011372566, -0.021101495251059532, -0.00910345558077097, 0.04104062542319298, -0.04620470106601715, 0.025223245844244957, 0.005801738239824772, 0.07320025563240051, 0.027607712894678116, 0.015345185063779354, -1.1307782187941484e-05, -0.049508627504110336, 0.08055702596902847, 0.03061266802251339, 0.050065163522958755, -0.00817896705120802, 0.028363848105072975, -0.006166115403175354, -0.07243169844150543, 0.04160666838288307, -0.03962250426411629, -0.03219110146164894, -0.016589973121881485, -0.054739248007535934, -0.06653661280870438, 0.029227711260318756, -0.0077363066375255585, -0.04425972327589989, 0.04659779742360115, -0.017538538202643394, -0.018873780965805054, -0.054778605699539185, 0.04842071235179901, -0.0021047769114375114, 0.06833593547344208, 0.013910257257521152, -0.007437075488269329, -0.019979558885097504, -0.015316817909479141, 0.06432441622018814, 0.023463953286409378, -0.010674049146473408, -0.05171995609998703, 0.0018250250723212957, 0.04738464206457138, 0.014132683165371418, 0.008641882799565792, 3.312909320575884e-33, 0.042811889201402664, 0.02563444711267948, -0.01365467719733715, 0.08210024237632751, 0.0949966087937355, 0.01600492373108864, 0.02295735664665699, 0.008601801469922066, -0.06719234585762024, -0.024514613673090935, -0.08033820241689682, 0.04706781730055809, -0.07601667940616608, 0.03386341407895088, 0.05211029574275017, -0.0692908838391304, 0.02712039276957512, 0.03159692510962486, 0.05062584951519966, -0.0034692748449742794, -0.03203728795051575, -0.014425226487219334, 0.02058418281376362, 0.05413622781634331, 0.11128254234790802, 0.06814232468605042, 0.09745678305625916, -0.08179584890604019, 0.08939417451620102, 0.016178090125322342, -0.07191790640354156, 0.022857923060655594, -0.04094066470861435, 0.03961782529950142, 0.02028760313987732, -0.02327226661145687, -0.1020093560218811, -0.051753927022218704, -0.08390967547893524, 0.058140769600868225, -0.04588085040450096, 0.010415546596050262, -0.009508194401860237, -0.09274903684854507, -0.0472537986934185, -0.07666781544685364, -0.0173017680644989, 0.018581826239824295, 0.035617660731077194, 0.01353531051427126, -0.05105319246649742, 0.0669851079583168, -0.041857849806547165, 0.04617447033524513, 0.030781639739871025, -0.14845843613147736, -0.0172137301415205, 0.04551675170660019, 0.0066339862532913685, 0.017773233354091644, -0.03413200378417969, 0.013747344724833965, 0.00037204715772531927, 0.03396930173039436, 0.08384687453508377, -0.010863583534955978, -0.0066054933704435825, 0.00970920268446207, 0.04651166871190071, -0.010617914609611034, 0.04858526960015297, 0.012003559619188309, 0.03161139413714409, 0.019185561686754227, -0.06171301007270813, 0.02529171109199524, -0.025214556604623795, -0.02684391848742962, 0.04349731653928757, 0.013306435197591782, -0.037869662046432495, -0.018886400386691093, -0.07848844677209854, -0.03724874556064606, 0.07006141543388367, -0.057556137442588806, -0.019044140353798866, -0.02390299178659916, -0.07026957720518112, 0.05751441791653633, -0.059401728212833405, -0.01833377219736576, -0.022009044885635376, 0.04601683095097542, -0.04681609570980072, -3.3861738427008065e-33, -0.0196492038667202, -0.013346157968044281, -0.0594041645526886, 0.0626751258969307, 0.08686694502830505, -0.043547071516513824, 0.017435474321246147, 0.05530155450105667, -0.010354660451412201, 0.05164339393377304, -0.050431836396455765, -0.052122607827186584, 0.06202045455574989, 0.017394093796610832, 0.07519970834255219, 0.048654280602931976, -0.017872659489512444, -0.08933596312999725, -0.030625663697719574, 0.009262115694582462, -0.010674542747437954, 0.08376879245042801, -0.09470218420028687, 0.028755003586411476, -0.010699111968278885, -0.004056927748024464, -0.04482487961649895, -0.022689959034323692, -0.024924367666244507, -0.005929853301495314, -0.011699158698320389, -0.016188595443964005, -0.02709878981113434, 0.029666217043995857, 0.00677336473017931, 0.013651017099618912, 0.057221632450819016, 0.01053011417388916, -0.002294345060363412, -0.042776018381118774, 0.14724546670913696, -0.005472416989505291, -0.08801484107971191, -0.055032819509506226, -0.02244034968316555, -0.03713969513773918, -0.13256195187568665, 0.02953929826617241, -0.053835880011320114, -0.03565596789121628, 0.011497419327497482, -0.03572098910808563, 0.0509047731757164, -0.1099972128868103, -0.04083484038710594, -0.05829895660281181, 0.05691608786582947, 0.018202273175120354, -0.08439143002033234, -0.052205655723810196, -0.01803981512784958, -0.08038228005170822, 0.09785925596952438, 0.009121889248490334, 0.03057320974767208, -0.03216363489627838, -0.02271353453397751, 0.07086563855409622, -0.0489622987806797, -0.10460967570543289, 0.11600834131240845, -0.02271260879933834, 0.02317162975668907, 0.06283559650182724, 0.03291134163737297, 0.03076828271150589, -0.023851493373513222, -0.054704662412405014, 0.03942306339740753, -0.03437776118516922, -0.011308937333524227, 0.007000525016337633, 0.06709127873182297, 0.11726198345422745, 0.04163406416773796, 0.10047890990972519, 0.0077597228810191154, 0.03907540813088417, 0.05977040156722069, 0.03127456083893776, -0.020305480808019638, 0.05980312079191208, -0.011898510158061981, 0.04832850769162178, 0.01189630851149559, -4.39979466193563e-08, -0.04260217770934105, -0.06324497610330582, -0.028249651193618774, 0.062226008623838425, 0.0003351008053869009, -0.007260954473167658, -0.02703523263335228, 0.039882559329271317, -0.02254713699221611, 0.028595661744475365, 0.04287528246641159, -0.016650576144456863, -0.023836331441998482, 0.005451448727399111, 0.06357067823410034, 0.010395210236310959, -0.04443148896098137, 0.04099397361278534, 0.01279729139059782, -0.07263428717851639, 0.15599049627780914, 0.009065987542271614, 0.006669471971690655, 0.0991431325674057, -0.06386661529541016, -0.09082420915365219, -0.03179807588458061, 0.03619733825325966, -0.0960361585021019, -0.04459144547581673, -0.038524381816387177, -0.03193251043558121, -0.044100768864154816, -0.013006368651986122, 0.06105785444378853, -0.026346616446971893, -0.0729030966758728, -0.06853169947862625, -0.027967002242803574, 0.06909287720918655, 0.001539097516797483, 0.01957216113805771, -0.004396005999296904, -0.06138370931148529, -0.010621792636811733, 0.009250236675143242, -0.08758503198623657, -0.15276329219341278, 0.003131972625851631, -0.022919949144124985, -0.04549238830804825, -0.0016207856824621558, 0.03978266939520836, 0.06582846492528915, 0.10167649388313293, 0.02052369900047779, 0.02971726655960083, -0.03156644478440285, 0.02623068168759346, 0.0793750137090683, 0.032939426600933075, 0.07979931682348251, -0.019320296123623848, 0.010838884860277176]','2025-11-03 05:01:54.195653');
INSERT INTO "projects" VALUES(2,1,'E-commerce Platform','Full-stack e-commerce site with payment integration, inventory management, and admin dashboard','["react", "node.js", "postgresql", "stripe", "tailwind", "redis"]','["fullstack", "backend", "frontend"]',2,6,'UTC+5:30','[-0.01718975603580475, -0.046485479921102524, -0.019168579950928688, -0.017292262986302376, -0.012850564904510975, -0.00698848906904459, -0.017413677647709846, 0.03659096732735634, -0.10381104052066803, 0.0015462429728358984, -0.07132826000452042, -0.03546639159321785, -0.051845621317625046, -0.003556564450263977, 0.05432887747883797, 0.020868347957730293, 0.07854244112968445, -0.07749609649181366, 0.0537107028067112, -0.11960972100496292, -0.04880179837346077, -0.09883089363574982, 0.006513500120490789, -0.01704249158501625, -0.07350273430347443, 0.051153067499399185, -0.01017244253307581, 0.007590734865516424, -0.05804313346743584, -0.11510306596755981, -0.02527625299990177, 0.024366049095988274, 0.08606178313493729, 0.07745612412691116, -0.034299470484256744, 0.09506148099899292, 0.08331897109746933, -0.1096293032169342, -0.03568451106548309, -0.08441254496574402, -0.01386980153620243, -0.04965822771191597, -0.11813574284315109, 0.01038347464054823, 0.07973648607730865, -0.09723284095525742, -0.04297798499464989, -0.006680373568087816, 0.06852918863296509, 0.03385089337825775, 0.038065969944000244, -0.09627272933721542, -0.006929471157491207, -0.044813454151153564, -0.10716334730386734, 0.03536386415362358, 0.013297063298523426, -0.01748487912118435, 0.040502700954675674, -0.07832259684801102, 0.04068770632147789, -0.00633652089163661, -0.008930474519729614, 0.04060399532318115, 0.010155328549444675, 0.012139968574047089, -0.04876413568854332, 0.0630222037434578, 0.0069859810173511505, -0.02547370456159115, -0.0029947475995868444, -0.014706551097333431, -0.09709993749856949, 0.009004431776702404, -0.02692282386124134, -0.04084276407957077, 0.06734929233789444, -0.045365869998931885, -0.03304886817932129, 0.00252785487100482, -0.012872145511209965, 0.04450538754463196, -0.09894686937332153, 0.08399325609207153, -0.13750793039798737, 0.014793158508837223, -0.06673577427864075, 0.02476045861840248, -0.010104136541485786, -0.06600704789161682, 0.033290114253759384, 0.018745532259345055, 0.07106352597475052, -0.007515639998018742, 0.001721238368190825, -0.007863938808441162, 0.00852157361805439, -0.06243103742599487, -0.0022003324702382088, 0.014635024592280388, 0.02516007050871849, 0.032188303768634796, 0.10639502108097076, 0.018573468551039696, -0.12426435202360153, 0.044004809111356735, -0.08054211735725403, 0.051476798951625824, 0.027370231226086617, 0.008638782426714897, -0.011302830651402473, -0.047910425812006, 0.005993239115923643, -0.03551257401704788, 0.02813185565173626, -0.008600011467933655, -0.11868685483932495, -0.031551193445920944, 0.05604667216539383, 0.031349003314971924, 0.053247060626745224, 0.12044958025217056, -0.025680286809802055, -0.07126078009605408, 0.03837388753890991, -0.012344256043434143, -0.005737317726016045, 3.03490306989649e-33, -0.04491761699318886, 0.07475259155035019, 0.052281711250543594, 0.04270971193909645, 0.11203810572624207, 0.01946296915411949, 0.06985777616500854, 0.04512343928217888, -0.12750883400440216, 0.055711399763822556, 0.03424287214875221, 0.10370684415102005, -0.05142498016357422, 0.05601201951503754, 0.05673768371343613, -0.06870586425065994, 0.032474834471940994, 0.03512508422136307, 0.07737450301647186, -0.04003041610121727, -0.0520034022629261, -0.028328463435173035, -0.024894116446375847, 0.05480785295367241, 0.12548178434371948, 0.010246030054986477, 0.03065015934407711, 0.07008721679449081, 0.09443604946136475, 0.003585062688216567, 0.06754712760448456, 0.011309157125651836, 0.022120580077171326, 0.015003184787929058, -0.05873595550656319, -0.022129356861114502, -0.055566105991601944, -0.06266433745622635, 0.0058558168821036816, -0.031229961663484573, -0.07780802249908447, 0.06756433844566345, -0.022489383816719055, 0.027075793594121933, -0.04266927391290665, -0.044512372463941574, 0.04188819229602814, -0.024376697838306427, 0.10341444611549377, 0.028290091082453728, -0.10722547024488449, -0.04698047414422035, 0.028140829876065254, 0.059198375791311264, -0.0055412487126886845, 0.012770661152899265, 0.06506701558828354, -0.03883235529065132, -0.013866160996258259, 0.0093782814219594, 0.007949767634272575, -0.01012076810002327, -0.09555992484092712, -0.034614160656929016, -0.04510752111673355, 0.045211706310510635, -0.02496402896940708, -0.02179783210158348, 0.0642896443605423, 0.05912361666560173, -0.0616677887737751, 0.028622787445783615, 0.11233051121234894, 0.02730165794491768, 0.02937002293765545, 0.03066038340330124, -0.08974112570285797, 0.04666725546121597, -0.00524405250325799, 0.0191672183573246, -0.10159569978713989, -0.0407952256500721, -0.004632933065295219, 0.08324495702981949, 0.058332595974206924, 0.024453870952129364, 0.025206290185451508, 0.0029608786571770906, -0.03732220456004143, 0.047124892473220825, -0.06602829694747925, 0.019703194499015808, 0.025354845449328423, 0.022659851238131523, 0.011446412652730942, -5.888191895248952e-33, -0.03890209645032883, -0.037731122225522995, -0.048643872141838074, 0.06545712798833847, 0.08373969793319702, 0.037770338356494904, -0.007520051673054695, 0.009428073652088642, 0.022850943729281425, 0.0588001124560833, 0.006587388459593058, 0.05630797520279884, 0.04895417392253876, 0.01999758742749691, -0.04846310615539551, 0.06310544162988663, -0.016381580382585526, -0.06403641402721405, -0.026868293061852455, -0.022688034921884537, -0.03210419788956642, 0.06928346306085587, -0.023242413997650146, 0.013983880169689655, 0.040485069155693054, -0.010471215471625328, -0.016085345298051834, -0.09472804516553879, -0.021707849577069283, 0.019198516383767128, -0.023599814623594284, -0.06154615804553032, 0.02063661441206932, 0.0029336519073694944, -0.025498226284980774, -0.06274309009313583, -0.007592853158712387, 0.06578193604946136, 0.03680188208818436, -0.05697345361113548, 0.07024528831243515, -0.06192798167467117, -0.0077961464412510395, -0.07268485426902771, -0.03842245042324066, -0.03959781676530838, -0.06468813121318817, 0.061475079506635666, -0.00027093818061985075, -0.0739821270108223, -0.10803650319576263, 0.04397062212228775, 0.021042291074991226, -0.026773003861308098, 0.019593626260757446, 0.00781558919698, 0.034765616059303284, 0.04169883579015732, -0.04494377598166466, -0.02065674401819706, -0.008982278406620026, 0.04972609877586365, 0.053107526153326035, 0.04787289351224899, 0.07851000130176544, -0.10252299159765244, 0.026893211528658867, 0.06665312498807907, -0.0347687304019928, -0.10194751620292664, -0.0010828207014128566, 0.06845241785049438, 0.05236958712339401, 0.006197014823555946, -0.034832872450351715, -0.004469061270356178, -0.011119497939944267, 0.002364566782489419, 0.0031312210485339165, 0.05643473565578461, -0.01567438617348671, 0.039817456156015396, 0.008075178600847721, 0.04550647735595703, -0.0013701805146411061, -0.009388948790729046, -0.01958639919757843, -0.044008079916238785, 0.030699249356985092, 0.01142784021794796, -0.10709477961063385, 0.0001629790203878656, -0.03477053716778755, 0.005725155118852854, -0.0197407566010952, -4.3777802716249425e-08, 0.027268581092357635, -0.016959942877292633, -0.043480802327394485, 0.014278861694037914, 0.02235703356564045, -0.014836153946816921, -0.006441795267164707, 0.06278273463249207, -0.04551331698894501, 0.04482325166463852, -0.0012027625925838947, -0.040546149015426636, -0.07365332543849945, 0.05648777261376381, -0.06085842102766037, -0.03491254895925522, 0.0058147236704826355, 0.09536031633615494, 0.0062848892994225025, -0.045403819531202316, 0.011166524142026901, 0.043478161096572876, 0.0005661841132678092, 0.0032381322234869003, -0.02285490743815899, -0.0158673245459795, 0.0035358977038413286, -0.030496416613459587, -0.005760397762060165, -0.027281109243631363, -0.022502100095152855, -0.007708339020609856, -0.01636362075805664, -0.021786965429782867, 0.055351391434669495, -0.09704133868217468, -0.019472245126962662, 0.05970350280404091, -0.03776739537715912, 0.03286140039563179, -0.025920821353793144, 0.013681171461939812, 0.018155952915549278, -0.01198454201221466, -0.008229268714785576, 0.0038435363676398993, -0.10397765785455704, -0.012203210033476353, 0.05519969388842583, -0.01984083466231823, -0.07775337249040604, -0.030669234693050385, -0.009327479638159275, -0.00977555476129055, 0.04943148046731949, 0.049177851527929306, 0.03590909764170647, -0.025014059618115425, 0.03596370667219162, 0.031338680535554886, 0.11963023990392685, -0.07287541031837463, 0.010853777639567852, 0.03780193626880646]','2025-11-03 05:01:54.312124');
INSERT INTO "projects" VALUES(3,4,'Website Phishing','Detects Fake websites ','["fastapi", "python", "javascript", "css", "html"]','[]',0,10,NULL,'[-0.1318044513463974, 0.0025258436799049377, -0.02600395493209362, -0.0056079658679664135, 0.04267900064587593, -0.10330535471439362, 0.058632928878068924, -0.03409823030233383, -0.0490429550409317, -0.09338100999593735, 0.03681683912873268, -0.017632246017456055, 0.09712007641792297, 0.04566918686032295, 0.024641364812850952, 0.007548417896032333, -0.057855214923620224, 0.032313697040081024, 0.06771556288003922, -0.045022934675216675, -0.02450978010892868, -0.009743567556142807, 0.04629424959421158, 0.002549917669966817, -0.06707281619310379, -0.012949223630130291, -0.016013313084840775, -0.03902633860707283, -0.05840887129306793, -0.05969911813735962, -0.05191071331501007, 0.0171391312032938, 0.008433394134044647, 0.03706088289618492, -0.0056030843406915665, 0.07633711397647858, -0.004270571283996105, -0.018148062750697136, 0.034413982182741165, -0.004345010966062546, -0.08344525098800659, -0.09907902777194977, -0.0012724344851449132, 0.0016329694772139192, -0.030927594751119614, -0.06085481122136116, -0.034351643174886703, 0.008658030070364475, -0.048787716776132584, -0.017704123631119728, -0.06481347978115082, -0.09401518851518631, -0.037675634026527405, -0.06272689253091812, -0.09545397013425827, -0.06554747372865677, -0.03524860739707947, -0.07391667366027832, 0.008744711056351662, 0.010853700339794159, 0.029595399275422096, 0.036171697080135345, 0.09777718782424927, 0.04655107855796814, 0.02337740547955036, 0.05946946516633034, -0.06487347185611725, 0.06479722261428833, 0.040920235216617584, 0.018453922122716904, -0.010800215415656567, 0.027857234701514244, -0.07896250486373901, 0.09725432097911835, 0.06583858281373978, -0.08276628702878952, -0.014940354973077774, -0.032578323036432266, 0.010988541878759861, -0.06760722398757935, -0.022612439468503, -0.0751587450504303, -0.04157480224967003, 0.10210203379392624, 0.03927944600582123, 0.09702879190444946, -0.018697664141654968, 0.03430366888642311, -0.008820859715342522, -0.024082953110337257, 0.03821279853582382, -0.07220233976840973, 0.07451613992452621, 0.020093485713005066, -0.026523465290665627, -0.049371909350156784, 0.01830863021314144, -0.08854908496141434, -0.04947563260793686, 0.05781787633895874, -0.08351223915815353, -0.07851938903331757, 0.0385962538421154, -0.10498571395874023, 0.000794209714513272, 0.03227103501558304, 0.041772015392780304, 0.025042662397027016, 0.10269847512245178, 0.015978585928678513, -0.034476201981306076, -0.023313362151384354, -0.049407485872507095, -0.08844023942947388, 0.03509870544075966, 0.0007970557198859751, 0.007619120646268129, 0.019950654357671738, 0.07389840483665466, 0.04345925897359848, 0.040669601410627365, 0.07577294856309891, -0.0027720832731574774, -0.0658910945057869, 0.023936450481414795, -0.08537182956933975, -0.056236833333969116, 7.769520828901106e-34, 0.030159547924995422, 0.1024414673447609, -0.02446523867547512, 0.012802020646631718, 0.05048883706331253, -0.030732812359929085, 0.03326243907213211, 0.07229818403720856, -0.11837159097194672, -0.006943554617464542, 0.043642040342092514, 0.08836114406585693, 0.02096511796116829, 0.10285738110542297, 0.059765517711639404, -0.014740092679858208, 0.04060925543308258, 0.03352699056267738, 0.05491003021597862, -0.07640602439641953, -0.016937127336859703, -0.023126335814595222, 0.07531984150409698, 0.057548053562641144, 0.061445556581020355, 0.0109131233766675, -0.01784651167690754, 0.07109379023313522, 0.012417914345860481, 0.025128895416855812, 0.031494271010160446, -0.039622627198696136, -0.034287527203559875, -0.035178426653146744, 0.0588979572057724, 0.004569219890981913, 0.05179596692323685, -0.1033448576927185, 0.0033153812400996685, 0.005411926191300154, -0.1237621083855629, -0.022687014192342758, -0.025069475173950195, 0.022019125521183014, 0.02916809357702732, -0.0036749951541423798, -0.03660313040018082, -0.0022332051303237677, 0.08472060412168503, -0.005250201560556889, -0.05745207890868187, 0.009623239748179913, 0.00394863449037075, 0.048045285046100616, -0.047592565417289734, -0.017511293292045593, -0.0011496039805933833, -0.002039816929027438, 0.04030973091721535, 0.0015094478148967028, 0.0716334879398346, -0.03254218026995659, -0.06997250020503998, -0.11433461308479309, -0.08678115904331207, -0.030642228201031685, 0.028522679582238197, -0.030240319669246674, 0.03598351031541824, -0.020117463544011116, 0.031848445534706116, 0.02993381954729557, -0.024873260408639908, 0.07500417530536652, -0.11510471254587173, -0.010380239225924015, -0.017756354063749313, 0.03854024037718773, 0.04795357212424278, 0.056050434708595276, 0.0026545922737568617, -0.07369682937860489, 0.0484149307012558, -0.016771525144577026, 0.003981347195804119, 0.03430976718664169, 0.022091692313551903, -0.058187708258628845, -0.07639741897583008, 0.044181399047374725, -0.012177775613963604, -0.007762241177260876, -0.02473200485110283, -0.025542210787534714, -0.03943145275115967, -3.302904394282448e-33, -0.061598677188158035, -0.023289203643798828, -0.050309523940086365, 0.059248991310596466, 0.019930873066186905, -0.007521732244640589, 0.03401712328195572, 0.014765405096113682, 0.025071753188967705, 0.053540851920843124, 0.014237967319786549, 0.014341359958052635, -0.03225209563970566, -0.0613095760345459, -0.004925324581563473, 0.07277285307645798, -0.018651017919182777, -0.04676374793052673, -0.04025965556502342, 0.0030539040453732014, 0.008226489648222923, 0.10299327224493027, -0.08433638513088226, 0.0518929585814476, -0.042026057839393616, 0.009703939780592918, -0.03744487464427948, -0.016080070286989212, 0.01758602447807789, -0.0026443565730005503, -0.0006657075718976557, 0.03533049300312996, -0.023120716214179993, 0.0017794070299714804, 0.013697943650186062, -0.032595112919807434, 0.04086996614933014, 0.019877685233950615, 0.04608752205967903, -0.031065111979842186, 0.13508367538452148, 0.014767248183488846, 0.027184585109353065, 0.02171367034316063, -0.0662652850151062, 0.00525252427905798, -0.0869373008608818, 0.02422494627535343, 0.01617647521197796, 0.010130457580089569, 0.02182360179722309, -0.03782358765602112, 0.033995725214481354, -0.11162932962179184, 0.013919238932430744, 0.033130794763565063, -0.03235233575105667, -0.02982320822775364, -0.0350259467959404, 0.010245313867926598, -0.03633222356438637, -0.05051811784505844, 0.008872367441654205, 0.07816696166992188, 0.05084608122706413, -0.04042196273803711, -0.04283701628446579, 0.1022326797246933, -0.04879237711429596, -0.10259299725294113, 0.030506527051329613, 0.0130190160125494, -0.02282802015542984, -0.008526066318154335, -0.11746729165315628, -0.09143438935279846, 0.03933107852935791, 0.08817429095506668, 0.042206648737192154, 0.05006574094295502, 0.1115756556391716, 0.026851102709770203, -0.029096033424139023, -0.007255135104060173, -0.012012302875518799, 0.0403258353471756, 0.021011242642998695, 0.04451800137758255, 0.006675898563116789, -0.006154267583042383, -0.06907472759485245, 0.07384297996759415, 0.06498503684997559, 0.01860745996236801, 0.020266523584723473, -3.4692622108423166e-08, 0.043287936598062515, 0.04100903496146202, 0.01031066570430994, 0.0011138712288811803, -0.03296744450926781, 0.045612696558237076, -0.05005628988146782, -0.006668687332421541, -0.05228930711746216, -0.032420989125967026, -0.0058705913834273815, 0.024243462830781937, -0.0681566670536995, 0.024026574566960335, -0.027428871020674706, -0.009716331958770752, -0.08149822801351547, 0.07549289613962173, 0.00783872976899147, -0.06723576039075851, 0.04870535433292389, 0.09154188632965088, -0.02405073679983616, -0.00820128619670868, -0.014805044047534466, 0.018170369789004326, -0.009951856918632984, 0.014021473005414009, -0.048441823571920395, -0.036312419921159744, -0.08577457070350647, -0.04118835926055908, -0.07652601599693298, -0.022262562066316605, 0.03021540679037571, 0.0892004743218422, -0.06157800927758217, -0.09185142070055008, -0.017253585159778595, 0.046120673418045044, -0.014463897794485092, -0.006433084607124329, 0.03521205112338066, -0.006998051889240742, 0.011740723624825478, -0.024164902046322823, -0.08429919928312302, -0.08074449002742767, 0.04113762080669403, -0.06304026395082474, -0.046407174319028854, 0.003201488871127367, 0.0030046291649341583, 0.06444964557886124, 0.0015112431719899178, 0.05413229763507843, 0.023293156176805496, -0.028203468769788742, -0.003281185170635581, 0.09320473670959473, 0.13982151448726654, 0.028932472690939903, 0.061197035014629364, 0.08928456902503967]','2025-11-03 05:11:08');
INSERT INTO "projects" VALUES(4,5,'Human Emotion Detection','Detects emotions from images','["Transformers", "FastAPI", "OpenCV", "Python"]','[]',0,10,NULL,'[-0.09070803225040436, 0.009580690413713455, -0.029076574370265007, -0.02234341949224472, 0.06186363846063614, -0.09008373320102692, -0.03153549134731293, 0.01618087850511074, -0.005343031603842974, -0.06807894259691238, -0.0008498950628563762, -0.11493247747421265, 0.018164847046136856, 0.06688399612903595, 0.022592291235923767, -0.0155739551410079, -0.035207249224185944, 0.03253168612718582, 0.01554947905242443, 0.0023984313011169434, -0.004892324097454548, 0.029085936024785042, 0.04139569401741028, -0.06744811683893204, -0.02003302238881588, -0.00048605786287225783, 0.01323660183697939, -0.015735948458313942, -0.04429985210299492, -0.06737413257360458, -0.02294319123029709, 0.014856254681944847, 0.08251846581697464, 0.05582569167017937, -0.0068113477900624275, 0.08030029386281967, -0.0019120372598990798, -0.05470893159508705, -0.0966772586107254, -0.0200183168053627, -0.07764282822608948, -0.041373834013938904, 0.025429438799619675, -0.03834408521652222, 0.03733278438448906, 0.03895767033100128, 0.005195300094783306, -0.10256896167993546, 0.06342478841543198, -0.05771419033408165, -0.06235365569591522, -0.028391515836119652, -0.03545186296105385, 0.02834816835820675, -0.01486220583319664, -0.04638197645545006, 0.00155337480828166, -0.057291336357593536, 0.05147922784090042, -0.06482508778572083, 0.010513420216739178, 0.04447700455784798, 0.032431237399578094, 0.03738605976104736, -0.02838236838579178, 7.144944538595155e-05, 0.08514302223920822, -0.0008822458912618458, 0.06780165433883667, -0.10625486075878143, -0.06905112415552139, 0.04693279042840004, -0.0019460421754047275, 0.03326450288295746, -0.008392681367695332, -0.03142106533050537, 0.012839137576520443, -0.0572824589908123, 0.04826582223176956, -0.09391511976718903, 0.0051980288699269295, -0.10070210695266724, -0.03128852695226669, 0.035343047231435776, 0.005121355876326561, -0.0048298160545527935, -0.07556463032960892, 0.042481280863285065, -0.05288727581501007, 0.05651301518082619, -0.00045004929415881634, -0.07766096293926239, 0.07520172744989395, -0.02454111911356449, 0.048015568405389786, -0.015325136482715607, -0.04770513251423836, -0.03628244996070862, -0.058823391795158386, 0.04536322131752968, -0.058682285249233246, -0.14288783073425293, -0.040398009121418, 0.004223414696753025, 0.024757860228419304, -0.020007632672786713, 0.03979746997356415, -0.05756429582834244, 0.02093230001628399, 0.009330530650913715, -0.057006627321243286, -0.057114794850349426, -0.059606146067380905, -0.12318705022335052, 0.09496977925300598, 0.02426685206592083, -0.04127085581421852, 0.0006159451440908015, -0.002267945557832718, 0.0026403958909213543, 0.0010743843158707023, -0.021900735795497894, -0.03568895906209946, -0.04089438542723656, 0.06237128749489784, -0.018833884969353676, -0.04372859373688698, 7.337208444979728e-34, -0.03380139544606209, -0.005021129734814167, 0.03558620065450668, 0.11214462667703629, -0.01959512010216713, 0.01167614571750164, 0.048633676022291183, 0.01779012568295002, -0.08586262911558151, -0.024510668590664864, -0.03518214821815491, 0.1191478967666626, -0.05898527428507805, 0.16090497374534607, -0.001599994022399187, -0.06910979002714157, 0.012156696990132332, -0.01715165004134178, -0.026996059343218803, -0.0026004754472523928, 0.000120535449241288, -0.022449860349297523, 0.05791595205664635, 0.05059783533215523, -0.04368649050593376, -0.021012526005506516, 0.0257831159979105, -0.05509444326162338, 0.10586771368980408, 0.0007201089174486697, -0.03585811331868172, 0.0459306538105011, -0.02042490988969803, -0.06198565289378166, 0.040073104202747345, 0.000530819408595562, -0.04752808064222336, -0.026735391467809677, -0.03049042448401451, -0.005877150688320398, -0.03435357287526131, 0.058314256370067596, -0.04474291205406189, -0.08153646439313889, -0.017190702259540558, 0.07508229464292526, 0.019505199044942856, 0.06544872373342514, 0.013132424093782902, 0.05450015142560005, 0.009539119899272919, 0.03390157222747803, -0.06973182410001755, -0.007061840035021305, -0.020833032205700874, 0.045203667134046555, 0.08181016892194748, 0.04634159803390503, 0.00961329322308302, -0.058423664420843124, -0.030558791011571884, 0.015756577253341675, 0.003376830369234085, -0.05465962737798691, 0.007673079147934914, 0.01929786615073681, 0.06584609299898148, -0.017641760408878326, -0.013096143491566181, 0.058582600206136703, -0.043664347380399704, 0.0575149729847908, 0.00869762059301138, -0.061516113579273224, 0.0036608120426535606, 0.06844130158424377, -0.028238436207175255, -0.01447759848088026, -0.0195222906768322, -0.0024866322055459023, -0.08857662975788116, -0.04537734389305115, 0.03767511993646622, -0.04111001268029213, 0.024950403720140457, 0.008981414139270782, 0.017184803262352943, -0.030147824436426163, -0.11271680146455765, 0.06720288097858429, -0.03376678749918938, -0.0005708774551749229, 0.0050310976803302765, 0.04096464067697525, -0.025832485407590866, -2.1778088127386892e-33, 0.05157192051410675, 0.03872932493686676, -0.06947437673807144, 0.00725128035992384, 0.06997021287679672, -0.0028451804537326097, 0.023665640503168106, 0.025340670719742775, 0.027992773801088333, 0.04995354637503624, 0.03818313777446747, -0.1321115493774414, 0.03792271763086319, 0.012045461684465408, 0.02732819877564907, -0.01285041868686676, -0.04516430199146271, -0.032025296241045, -0.03988271951675415, 0.04190589115023613, -0.09679684042930603, 0.14467187225818634, -0.05044015124440193, -0.004982286598533392, -0.052854109555482864, 0.0007495388854295015, -0.010372922755777836, -0.021655023097991943, 0.008975946344435215, -0.02348010614514351, -0.09501490741968155, 0.0028736840467900038, -0.05485849827528, 0.025973454117774963, 0.029113246127963066, -0.024357635527849197, 0.043346960097551346, -0.05604097992181778, 0.0026102568954229355, -0.003669458907097578, 0.16803085803985596, 0.01506020501255989, -0.0672307163476944, 0.008296055719256401, -0.04979950562119484, -0.00880018062889576, -0.06174919754266739, 0.06564587354660034, -0.0609971359372139, 0.006613896228373051, 0.004822987597435713, 0.007529590744525194, -0.05461883544921875, -0.033213622868061066, 0.07322005927562714, 0.023372707888484, 0.03717028349637985, -0.014960835687816143, 0.03273637220263481, -0.03912588581442833, -0.07479455322027206, -0.06216654181480408, -0.01837283745408058, 0.022264786064624786, -0.01431550458073616, 0.033386752009391785, -0.007111843209713697, -0.021597787737846375, -0.07828136533498764, -0.043901607394218445, 0.09351175278425217, 0.04252150282263756, 0.052450988441705704, -0.009770896285772324, -0.016571473330259323, -0.02945036254823208, -0.01041804812848568, 0.055678658187389374, 0.07713937014341354, -0.02294737659394741, -0.0005708506796509027, -0.06833074986934662, 0.068060003221035, 0.10660894960165024, -0.002588499104604125, 0.13856226205825806, 0.09027092158794403, 0.0071747335605323315, 0.05919068679213524, 0.04475831985473633, -0.09634515643119812, 0.11957172304391861, 0.09386563301086426, 0.034983985126018524, 0.02595675364136696, -3.0515607818415447e-08, -0.029688753187656403, -0.009854416362941265, 0.0007803049520589411, -0.0014453665353357792, -0.032583415508270264, 0.035950616002082825, -0.005798697471618652, 0.06614039838314056, -0.035319194197654724, 0.0639244094491005, 0.019677331671118736, 0.029428260400891304, -0.04667873680591583, 0.02196490578353405, -0.006645992398262024, 0.07025686651468277, -0.03294016048312187, 0.10257350653409958, 0.026262549683451653, -0.03927823528647423, 0.06490137428045273, 0.04227045178413391, 0.006437186151742935, 0.06387493014335632, -0.06408801674842834, 0.006349510047584772, -0.04327412694692612, -0.043687839061021805, -0.023651665076613426, -0.0739559456706047, 0.028391627594828606, 0.002699234988540411, -0.0006256147753447294, -0.06995627284049988, 0.07602177560329437, 0.07272187620401382, -0.01130616944283247, -0.057913124561309814, -0.018034357577562332, 0.11417458206415176, 0.0016187257133424282, 0.011512549594044685, -0.03940815106034279, -0.03698377311229706, 0.03236820548772812, 0.05184377729892731, 0.02444794587790966, -0.08408354222774506, -0.027422349900007248, 0.07610170543193817, -0.01041094958782196, 0.0012054353719577193, -0.045602284371852875, 0.06610182672739029, 0.05650317296385765, 0.05120547115802765, 0.01588926836848259, -0.058439116925001144, -0.007374122738838196, 0.07191037386655807, 0.1176142618060112, 0.06307908147573471, -0.005421874113380909, 0.034897059202194214]','2025-11-03 05:22:46');
INSERT INTO "projects" VALUES(5,5,'Deep Vision AI','Plankton Detection System','["Deep Learning", "SAM", "DETR", "OpenCV", "Python"]','[]',0,10,NULL,'[-0.08883123099803925, -0.055387236177921295, 0.02531578578054905, -0.07817912846803665, 0.027041684836149216, -0.04688173159956932, -0.0013363088946789503, -0.05826011300086975, -0.054708439856767654, -0.009521334432065487, -0.01655813306570053, -0.16436420381069183, -0.021735725924372673, 0.11818240582942963, -0.07574742287397385, 0.03302270919084549, 0.01166476123034954, 0.00918128527700901, -0.05731916055083275, 0.018345382064580917, -0.04952165484428406, 0.1294144243001938, -0.014392269775271416, -0.05651097372174263, -0.022369418293237686, 0.0260047297924757, 0.015444091521203518, -0.05944639444351196, -0.019282178953289986, -0.07733436673879623, 0.011114399880170822, -0.005568286404013634, 0.09779812395572662, 0.015028067864477634, 0.06864626705646515, 0.049068331718444824, -0.033619411289691925, -0.06756780296564102, -0.0452771931886673, 0.06776603311300278, -0.03148660063743591, 0.022947663441300392, 0.04602630436420441, -0.021137360483407974, 0.02731601893901825, 0.0575132742524147, -0.026744816452264786, -0.09665470570325851, 0.08223544806241989, -0.04554697126150131, -0.08654392510652542, -0.12357649207115173, -0.046003177762031555, -0.020385529845952988, -0.06749550998210907, -0.03533449023962021, -0.023704666644334793, -0.07091973721981049, 0.020422697067260742, -0.11521340161561966, 0.04464951530098915, -0.01416887529194355, 0.060290779918432236, 0.007018588948994875, 0.044800277799367905, 0.0002001104730879888, -0.09155326336622238, 0.025402897968888283, 0.07132769376039505, -0.08300983905792236, -0.0049947453662753105, 0.09351897984743118, -0.0046989028342068195, 0.006000217981636524, -0.05492815002799034, -0.045233022421598434, 0.038929764181375504, 0.00836078729480505, 0.109428770840168, -0.06848499178886414, -0.0030563503969460726, -0.022918397560715675, -0.04018721729516983, 0.007890843786299229, 0.06166757643222809, 0.028356265276670456, -0.07055138796567917, 0.041885219514369965, -0.03726043924689293, -0.052318789064884186, 0.025905907154083252, -0.0945681631565094, 0.029810909181833267, -0.08195069432258606, -0.009861864149570465, -0.006796481553465128, -0.014336933381855488, -0.0939774438738823, -0.03314710035920143, 0.03797442093491554, -0.03788143768906593, -0.08202752470970154, 0.05046751722693443, -0.004005622584372759, 0.08358236402273178, 0.005393845494836569, 0.08954262733459473, 0.03636957332491875, 0.06900046020746231, -0.019168516620993614, 0.045241836458444595, 0.022623619064688683, -0.0068794433027505875, -0.03195231407880783, 0.06266053766012192, 0.062435902655124664, -0.05718948692083359, -0.027000635862350464, -0.019842935726046562, -0.015090025030076504, -0.06159704551100731, -0.06459178775548935, -0.0027518097776919603, -0.00780463544651866, 0.004427075386047363, -0.0028133841697126627, -0.026646478101611137, 7.746564709926493e-34, -0.03719530627131462, -0.016566749662160873, 0.010715785436332226, 0.018795516341924667, 0.1454719603061676, -0.07600124925374985, 0.004472367465496063, 0.023458700627088547, -0.013939342461526394, -0.021467719227075577, -0.10208520293235779, 0.026841644197702408, -0.05589805170893669, 0.1021430566906929, 0.031999699771404266, -0.06331688165664673, 0.008078798651695251, -0.038491569459438324, -0.06994163244962692, 0.004988525062799454, 0.04216877743601799, -0.028798282146453857, -0.0003128992975689471, -0.03849376365542412, 0.01755581423640251, -0.014468535780906677, 0.01702137477695942, -0.05397210270166397, 0.09057030081748962, 0.012689436785876751, 0.05555050075054169, 0.03369629755616188, -0.08098762482404709, 0.008232217282056808, 0.010899750515818596, -0.003766123205423355, -0.0014550084015354514, -0.012673523277044296, 0.028008323162794113, -0.010953739285469055, 0.025551406666636467, 0.04131542518734932, -0.005538288038223982, -0.04670025035738945, 0.02294124662876129, -0.0031794935930520296, 0.10227404534816742, 0.09011010080575943, -2.7599620807450265e-05, 0.04697977006435394, -0.013703974895179272, -0.03779659420251846, -0.10039704293012619, -0.06052229925990105, 0.017714012414216995, 0.004559027496725321, 0.09252055734395981, 0.06067011505365372, -0.03425072878599167, 0.005133825354278088, -0.004063198808580637, -0.001385240349918604, -0.04408692196011543, 0.03810303285717964, -0.046756889671087265, 0.060617733746767044, 0.11277536302804947, 0.027318991720676422, 0.04809906333684921, 0.033199094235897064, -0.06172286719083786, 0.0032159823458641768, 0.020418856292963028, -0.03126094862818718, -0.013321458362042904, 0.010359663516283035, -0.01714567467570305, -0.07131285220384598, -0.04509294033050537, 0.0841316431760788, -0.09891905635595322, 0.04735817387700081, -0.006171277724206448, -0.02816038951277733, -0.08174487948417664, 0.0368223711848259, 0.04291527345776558, -0.06179332733154297, 0.0011000826489180326, 0.0771864801645279, -0.04746774956583977, -0.0005525288870558143, -0.03092179447412491, -0.0013714995002374053, -0.023801151663064957, -2.6106008534565005e-33, 0.033614058047533035, 0.023337362334132195, -0.018684880807995796, 0.0104063730686903, 0.044617898762226105, -0.014652159996330738, -0.003795959521085024, 0.020679714158177376, 0.023305535316467285, -0.028331205248832703, -0.03316161781549454, 0.04654604196548462, 0.027529466897249222, 0.01352242473512888, -0.007212415803223848, 0.03463289514183998, -0.041056495159864426, 0.004937885329127312, -0.043449729681015015, -0.031376708298921585, -0.06521482020616531, 0.09261345118284225, -0.028874384239315987, 0.015730949118733406, -0.008292877115309238, 0.05166841670870781, 0.008866925723850727, 0.014513541013002396, -0.016855178400874138, -0.020222026854753494, -0.06392626464366913, -0.012633256614208221, -0.04693957790732384, -0.006158743519335985, -0.03678257390856743, 0.030387556180357933, 0.06151800975203514, -0.041219063103199005, -0.08910960704088211, 0.00674029067158699, 0.11210980266332626, -0.04506181553006172, -0.05693357437849045, 0.04190762713551521, -0.10571309924125671, -0.004123000893741846, 0.015559475868940353, 0.10428989678621292, -0.04594970867037773, 0.005988531280308962, -0.008510446175932884, -0.04473305121064186, -0.0030723675154149532, 0.00486759701743722, -0.012490113265812397, 0.062125034630298615, 0.03480302542448044, 0.034649938344955444, 0.05046049878001213, 0.0036087390035390854, -0.017286881804466248, -0.08136638253927231, -0.05666355788707733, 0.032982055097818375, -0.008427489548921585, 0.031222280114889145, -0.010069445706903934, 0.08132455497980118, -0.009803332388401031, -0.029727624729275703, 0.020553400740027428, 0.01742730289697647, 0.054153840988874435, 0.022763459011912346, -0.04677823558449745, -0.023707866668701172, -0.07029033452272415, -0.0136799281463027, 0.05407299846410751, -0.012389753945171833, 0.024699226021766663, -0.0620296336710453, -0.021563734859228134, 0.10984198749065399, 0.059943873435258865, 0.1395242065191269, 0.044858433306217194, -0.07322203367948532, 0.03614651784300804, 0.030215241014957428, -0.09440819919109344, 0.019886665046215057, 0.027327243238687515, 0.011107122525572777, -0.015328395180404186, -2.9423311787013517e-08, 0.032532792538404465, 0.030225129798054695, 0.02889223024249077, -0.024885056540369987, 0.02207767777144909, -0.018059294670820236, -0.06123284250497818, 0.061668820679187775, -0.030082086101174355, 0.037101905792951584, -0.006858154200017452, -0.022985242307186127, -0.09048153460025787, 0.010497070848941803, 0.056723009794950485, 0.05606842413544655, -0.01889513060450554, 0.07961162179708481, 0.009475954808294773, -0.02204766869544983, 0.08044322580099106, 0.0198186207562685, 0.01733776368200779, 0.04959135875105858, -0.0872156098484993, 0.005367586854845285, -0.04394683241844177, 0.015848524868488312, 0.02713138423860073, -0.020048629492521286, 0.07868286222219467, 0.024615436792373657, -0.008016939274966717, 0.019826553761959076, 0.0675254762172699, 0.09785114973783493, -0.05528826266527176, -0.017192063853144646, 0.022987866774201393, 0.11972421407699585, -0.06678643077611923, 0.044529106467962265, -0.08973559737205505, -0.018402932211756706, -0.05994050204753876, 0.08359365910291672, -0.016162056475877762, -0.07529754191637039, 0.025974100455641747, 0.03202281519770622, -0.01607334613800049, -0.0034729449544101954, 0.007533452473580837, 0.07333991676568985, -0.0021118284203112125, 0.07301322370767593, 0.046822916716337204, -0.10115611553192139, -0.05291334167122841, 0.11761017143726349, 0.06820330023765564, 0.017387069761753082, -0.04091491177678108, -0.004658708348870277]','2025-11-03 05:23:35');
INSERT INTO "projects" VALUES(6,4,'AI Powered Chatbot','Build an intelligent chatbot using LLM''s','["React", "FastAPI", "Python"]','[]',0,10,NULL,'[-0.07795963436365128, -0.04261188954114914, 0.020424261689186096, 0.01177955698221922, 0.004845981951802969, -0.0848458856344223, 0.012071038596332073, -0.0006312921759672463, -0.059147682040929794, -0.019415903836488724, -0.02954159863293171, -0.07044563442468643, 0.007238804828375578, 0.056325558573007584, 0.07834195345640182, 0.06855862587690353, 0.06800223141908646, -0.042359914630651474, 0.02871115133166313, -0.03274055942893028, 0.057000137865543365, 0.006694655399769545, 0.13161501288414001, -0.019854845479130745, -0.0051729013212025166, 0.025289714336395264, 0.010495218448340893, -0.0036041445564478636, -0.00986968632787466, -0.041040774434804916, 0.0023678946308791637, 0.03951380401849747, 0.030761078000068665, 0.031028924509882927, -0.02740253508090973, 0.06666646897792816, -0.047679703682661057, -0.02193286642432213, 0.04932141304016113, -0.03621000424027443, -0.08329035341739655, -0.07734232395887375, 0.014271448366343975, -0.04208213463425636, 0.02245139330625534, -0.01514255441725254, -0.04337741434574127, -0.019424568861722946, -0.013455389067530632, 0.02710939384996891, -0.11814144998788834, -0.07071828097105026, 0.030298665165901184, 0.01095263659954071, -0.038795918226242065, 0.03929813206195831, -0.01251893024891615, -0.006547889672219753, 0.048441071063280106, -0.05922544002532959, 0.010682949796319008, -0.017589952796697617, 0.10436080396175385, 0.020114952698349953, 0.02310003899037838, 0.04568785801529884, -0.03601611405611038, 0.03830428794026375, 0.013882418163120747, -0.0599323995411396, 0.025818781927227974, -0.011143015697598457, 0.01923338696360588, 0.021209100261330605, -0.015888240188360214, -0.09774656593799591, 0.02362886071205139, -0.04090828448534012, 0.08449043333530426, -0.005396429914981127, -0.06505168229341507, -0.06241322308778763, -0.05713354051113129, 0.08193773776292801, -0.05728631094098091, 0.05749160051345825, 0.003915392793715, 0.033577125519514084, -0.020321832969784737, -0.003888038918375969, 0.0012395353987812996, -0.0880514457821846, 0.08904746919870377, 0.04823186993598938, 0.03574313968420029, -0.009385170415043831, 0.004991363268345594, -0.05453595146536827, -0.10373854637145996, 0.010139744728803635, -0.012657064944505692, -0.041047874838113785, -0.052790094166994095, -0.046159494668245316, -0.021122504025697708, 0.017220789566636086, -0.007946230471134186, -0.03161262720823288, 0.05364125594496727, 0.0413614958524704, -0.012308156117796898, -0.03648972138762474, 0.014427963644266129, 0.049564212560653687, 0.0584462508559227, 0.012214035727083683, 0.02067919261753559, -5.5610904382774606e-05, 0.04165160283446312, 0.057622045278549194, 0.02380254492163658, -0.023967139422893524, -0.02845815010368824, 0.015395223163068295, 0.04048125073313713, 0.007054334506392479, -0.02012571133673191, 4.0887817509348504e-35, 0.05850928649306297, 0.001251528155989945, -0.008481258526444435, 0.11014095693826675, 0.09259960055351257, -0.004083521198481321, 0.04048597440123558, 0.042852677404880524, -0.09754973649978638, -0.02898496389389038, -0.0587785542011261, 0.030520223081111908, -0.02275763638317585, 0.10136645287275314, 0.015927130356431007, -0.14790138602256775, 0.011471941135823727, -0.015072363428771496, 0.048655688762664795, -0.0531846284866333, -0.03534337133169174, 0.012505291029810905, 0.046295855194330215, 0.028673868626356125, 0.11163940280675888, 0.08569003641605377, 0.06541608273983002, -0.021260390058159828, 0.06528423726558685, 0.016040105372667313, -0.029337218031287193, -0.0027370487805455923, -0.0352691113948822, 0.0029450533911585808, 0.02167385444045067, -0.038474421948194504, -0.0920996442437172, -0.0465051531791687, -0.05706420913338661, 0.03522796928882599, -0.053581804037094116, -0.019599951803684235, -0.06308940052986145, -0.09928052872419357, -0.02709845080971718, -0.03864864632487297, -0.018441621214151382, 0.034277476370334625, 0.049113087356090546, 0.0056294542737305164, -0.09031856060028076, 0.03457289934158325, -0.06184639036655426, -0.016932647675275803, 0.04976889118552208, -0.11413871496915817, -0.022861143574118614, 0.05252961441874504, 0.009665179997682571, -0.02857886627316475, -0.054888077080249786, 0.020900333300232887, -0.03782084211707115, 0.019174445420503616, 0.02653992921113968, 0.04044951871037483, -0.02831442281603813, 0.005387633107602596, 0.05482399836182594, -0.0013928920961916447, 0.05790000781416893, 0.016923991963267326, 0.01771877519786358, 0.034744150936603546, -0.07665333896875381, 0.03449187055230141, -0.02237194962799549, -0.01860162802040577, 0.02289491519331932, 0.014995531179010868, -0.005681346636265516, -0.03961312398314476, -0.0480995737016201, -0.04282558336853981, 0.06755350530147552, -0.050989605486392975, -0.04942198470234871, -0.019053660333156586, -0.04242897406220436, 0.09586944431066513, -0.04613965377211571, -0.05176558345556259, 0.016584444791078568, 0.0328722819685936, -0.08275657147169113, -2.0666435976783717e-33, -0.035668402910232544, -0.018741300329566002, -0.05623931810259819, 0.08166409283876419, 0.09336622804403305, -0.014961406588554382, -0.02886868640780449, 0.02618378959596157, 0.022263018414378166, 0.08169544488191605, -0.08452048897743225, -0.02095326967537403, 0.049645744264125824, -0.02945619449019432, 0.03809482976794243, 0.09456372261047363, -0.047619324177503586, -0.08226773887872696, -0.00855368934571743, -0.011500921100378036, -0.008873512968420982, 0.09348250180482864, -0.07845001667737961, 0.05887238308787346, -0.03257649019360542, 0.022197281941771507, -0.005830103997141123, -0.021001026034355164, 0.009960711002349854, -0.006779754534363747, -0.026524778455495834, -0.06874559819698334, -0.0710277110338211, 0.031245538964867592, 0.005992863327264786, 0.03160439804196358, 0.05355667695403099, -0.016894910484552383, 0.0016190462047234178, -0.04435737431049347, 0.13255687057971954, -0.028200579807162285, -0.03459864854812622, -0.0014422249514609575, -0.04699015989899635, -0.03423025831580162, -0.13420820236206055, 0.016010437160730362, -0.03134753555059433, -0.009570610709488392, 0.014578867703676224, -0.1135210394859314, 0.07212009280920029, -0.13259769976139069, -0.02878711000084877, -0.02670425921678543, 0.06852924078702927, 0.009133814834058285, -0.017641887068748474, -0.016693586483597755, -0.0034702850971370935, -0.11879298835992813, 0.07811715453863144, 0.03748755156993866, -0.005129101220518351, -0.03147881105542183, -0.06761098653078079, 0.08710247278213501, 0.002286530565470457, -0.07270334661006927, 0.14862750470638275, 0.024983471259474754, 0.04745935648679733, 0.040939804166555405, 0.02562478557229042, 0.011987918987870216, -0.006414362695068121, 0.04946822300553322, 0.04043353348970413, -0.05022096261382103, 0.021804476156830788, 0.024802684783935547, 0.02379833348095417, 0.07257835566997528, -0.025754807516932487, 0.07519904524087906, 0.05514183267951012, 0.048647575080394745, 0.049500491470098495, 0.009045095182955265, -0.04950571805238724, 0.09740497916936874, 0.030251694843173027, 0.011458118446171284, -0.006820188835263252, -2.8760167580799134e-08, 0.01872553490102291, -0.08023779839277267, -0.00873078964650631, 0.05028490349650383, 0.00982879102230072, 0.004406013060361147, -0.0075088017620146275, -0.020755251869559288, 0.01826690137386322, -0.0161746796220541, 0.05244448035955429, 0.0008875575731508434, -0.02940909005701542, 0.03538631275296211, 0.06777320057153702, -0.020261157304048538, -0.06612259149551392, 0.09075164794921875, 0.012291934341192245, -0.06544619053602219, 0.08653035759925842, 0.006660955026745796, -2.1037363694631495e-05, 0.08163424581289291, -0.038415875285863876, -0.039744991809129715, -0.023314114660024643, -0.008291755802929401, -0.101641446352005, -0.010573097504675388, -0.11031676828861237, -0.006514465902000666, -0.05529697239398956, -0.0209689699113369, 0.061109770089387894, 0.010852244682610035, -0.051314547657966614, -0.10629759728908539, -0.0321979820728302, 0.07333891838788986, -0.00013697076065000147, 0.023662706837058067, -0.0207458958029747, -0.029119694605469704, -0.015868104994297028, -0.03273065760731697, -0.0686553493142128, -0.1461012363433838, 0.010027946904301643, -0.029907871037721634, -0.05987171083688736, 0.004856094252318144, -0.011313442140817642, 0.03888445720076561, 0.06213139742612839, 0.07871745526790619, 0.02511298470199108, -0.04418860748410225, -4.446541424840689e-06, 0.0383397713303566, 0.13579098880290985, 0.114633709192276, 0.0050923945382237434, 0.019849490374326706]','2025-11-03 05:26:03');
INSERT INTO "projects" VALUES(7,4,'Weather Prediction','Predicts Weather using ML algorithms ','["REACT", "CSS", "HTML", "ML", "Python"]','[]',0,10,NULL,'[-0.09828288108110428, -0.03891986981034279, 0.06288968026638031, 0.047463081777095795, 0.04737655445933342, -0.09895095974206924, -0.025974906980991364, -0.02829121984541416, -0.1148790717124939, -0.044420890510082245, -0.09639271348714828, -0.07042896002531052, 0.053300101310014725, 0.005831046961247921, -0.02008465863764286, 0.09654062986373901, -0.04344192147254944, -0.026014918461441994, -0.021612396463751793, -0.08587630093097687, -0.045923687517642975, -0.004337520804256201, -0.02032226137816906, 0.017423545941710472, 0.036740440875291824, 0.08850421011447906, 0.022779304534196854, 0.039399899542331696, -0.015561406500637531, -0.02008720114827156, -0.01802155189216137, 0.0037493500858545303, 0.04017200320959091, 0.01897534914314747, -0.028709301725029945, 0.08380275219678879, -0.027132896706461906, -0.0405869260430336, -0.03618747368454933, 0.03235167637467384, -0.06493601948022842, -0.025754554197192192, 0.027068208903074265, -0.06375665962696075, 0.06009058654308319, -0.013395816087722778, -0.04986949265003204, -0.0957389697432518, 0.004704903345555067, 0.01086812000721693, -0.12798890471458435, -0.10609986633062363, -0.0665537416934967, -0.04671493545174599, -0.09440278261899948, -0.06291418522596359, 0.04388611763715744, -0.04311724752187729, 0.01839851588010788, -0.08251747488975525, 0.0021851917263120413, 0.0013250472256913781, -0.04469729959964752, 0.08547073602676392, 0.09096625447273254, 0.039299800992012024, -0.058545563369989395, 0.10770880430936813, 0.03535763546824455, -0.0179423950612545, -0.02101016603410244, 0.0815405547618866, 0.019938567653298378, 0.01145599689334631, 0.014673690311610699, -0.036384712904691696, 0.06839090585708618, -0.05162603035569191, 0.0691901221871376, -0.014192765578627586, -0.0069197965785861015, -0.0539717860519886, -0.04458193853497505, 0.06318651884794235, -0.011710941791534424, 0.026194069534540176, -0.009164818562567234, 0.07420863211154938, 0.00950550101697445, -0.06619720906019211, -0.017826911062002182, -0.07478079944849014, 0.006081738043576479, 0.06775852292776108, -0.06454972922801971, 0.11241994798183441, 0.0402478463947773, -0.08826340734958649, -0.059894196689128876, 0.05946335941553116, -0.057603221386671066, -0.1015176847577095, -0.013342659920454025, 0.021299811080098152, -0.0029663483146578074, -0.03559544309973717, 0.005540482234209776, 0.0052771116606891155, 0.06722388416528702, -0.019097331911325455, -0.017250312492251396, -0.032708071172237396, -0.06580570340156555, -0.051349855959415436, 0.017069071531295776, -0.07598673552274704, -0.03817611187696457, -0.030866065993905067, -0.0026517144870013, 0.08442181348800659, 0.02580518275499344, 0.06136919558048248, 0.004219998139888048, 0.005322722718119621, 0.04068269953131676, -0.030559338629245758, -0.005600184202194214, -1.79895047321752e-33, 0.0353773832321167, 0.014172123745083809, 0.043019331991672516, 0.09505007416009903, 0.15223072469234467, -0.01985025405883789, -0.009659403003752232, -0.040083348751068115, -0.04020087420940399, -0.03238629549741745, 0.04547658562660217, 0.0765884593129158, -0.07083988189697266, 0.07133889943361282, 0.04688427597284317, -0.0836060643196106, 0.08720768988132477, -0.018631085753440857, -0.01584208384156227, -0.004388394765555859, -0.11448919028043747, -0.008403956890106201, 0.002839319873601198, -0.01396013144403696, 0.013382642529904842, 0.04321358725428581, 0.07684291154146194, 0.06064426526427269, 0.004482722375541925, 0.014170895330607891, 0.10665953904390335, -0.005066037643700838, -0.05382823571562767, 0.04018302634358406, 0.034312669187784195, -0.005733981728553772, -0.016980452463030815, -0.07345899939537048, 0.03623421862721443, 0.03157069534063339, -0.027942445129156113, -0.013287816196680069, 0.013104837387800217, -0.019209323450922966, 0.007514299359172583, -0.0396997407078743, 0.02565419301390648, -0.003982384689152241, 0.03657965362071991, -0.004061034880578518, -0.06736476719379425, 0.006250839214771986, -0.015478674322366714, -0.0424993671476841, 0.050547681748867035, 0.009900009259581566, 0.04195709899067879, -0.014743907377123833, 0.04347286373376846, -0.0410078801214695, -0.04478754103183746, -0.00036063880543224514, 0.05141821503639221, -0.10175199061632156, 0.0029720324091613293, 0.04621153324842453, 0.0016263367142528296, 0.07733950018882751, 0.05561542883515358, 9.81167540885508e-05, 0.023142032325267792, 0.006851985584944487, 0.07491534948348999, 0.05452143773436546, -0.047508079558610916, 0.03832462430000305, 0.012802720069885254, -0.10342931002378464, -0.017262067645788193, 0.06211036443710327, -0.06290630251169205, -0.031320419162511826, 0.013583594001829624, -0.03476237133145332, 0.008452460169792175, -0.09971005469560623, -0.044175732880830765, 0.012552998028695583, -0.033925238996744156, 0.03542276844382286, -0.10426758974790573, 0.013651533983647823, 0.07142473012208939, -0.002585974056273699, -0.03031400963664055, -1.9736689740260367e-33, -0.04931899905204773, 0.03234867751598358, -0.026892274618148804, 0.030045203864574432, 0.050264667719602585, 0.022280436009168625, -0.0663890391588211, 0.023762837052345276, 0.027651481330394745, 0.11950413882732391, 0.013780338689684868, 0.0020040154922753572, -0.0016510661225765944, -0.06213480979204178, -0.03361799195408821, 0.06531820446252823, -0.03329343721270561, -0.03594239801168442, -0.07477624714374542, -0.008635290898382664, -0.08606031537055969, 0.05944468453526497, -0.07591991871595383, 0.06381241232156754, -0.009641971439123154, 0.02069910801947117, 0.0038881406653672457, -0.007789020426571369, -0.016965972259640694, -0.011915908195078373, -0.0969105139374733, -0.05302523076534271, -0.01344840694218874, 0.026098648086190224, -0.0005996658583171666, 0.06550006568431854, 0.0966217964887619, -0.0962030440568924, 0.013329512439668179, -0.007248970679938793, 0.08071193844079971, -0.05381699651479721, 0.0316007174551487, -0.06881815195083618, -0.06514609605073929, 0.000521091278642416, -0.047088369727134705, 0.06221042200922966, 0.061957187950611115, -0.0607457160949707, 0.015699632465839386, -0.0330815315246582, -0.052784986793994904, -0.0304733756929636, 0.030238600447773933, -0.01795651763677597, 0.024444086477160454, -0.031111430376768112, -0.011509532108902931, 0.03643956407904625, -0.010860111564397812, -0.10014374554157257, 0.05468928813934326, 0.04417993500828743, -0.043851207941770554, -0.06954335421323776, -0.10681340098381042, 0.049986355006694794, 0.004441726021468639, -0.006960684433579445, 0.020905882120132446, 0.09890566021203995, 0.03905818983912468, -0.014910784550011158, -0.01932607777416706, -0.04466722533106804, 0.011870148591697216, 0.10245753079652786, 0.002019973238930106, -0.009948670864105225, 0.062111787497997284, 0.05728723853826523, -0.021637722849845886, 0.03886128589510918, 0.06039584055542946, -0.008646512404084206, 0.08949834108352661, 0.001195334829390049, 0.01400480791926384, -0.010941551998257637, -0.07142852246761322, 0.06219695881009102, 0.04865220934152603, 0.038436178117990494, -0.059014223515987396, -2.8690770648154285e-08, -0.007648847997188568, -0.026766108348965645, 0.05771605297923088, 0.017409510910511017, -0.031027963384985924, 0.04871051758527756, -0.00357840396463871, -0.07665199786424637, 5.0355782150290906e-05, 0.02850543148815632, 0.02627069689333439, 0.020344898104667664, -0.08757686614990234, 0.09304463118314743, 0.01001505833119154, -0.04428514465689659, -0.04700328782200813, 0.06458825618028641, -0.016233021393418312, -0.04480714723467827, 0.10232672840356827, -0.016595805063843727, -0.04241392761468887, 0.08558564633131027, 0.10135911405086517, -0.02417333610355854, -0.03476491943001747, -0.010024556890130043, 0.019681552425026894, 0.0014761424390599132, -0.12146732956171036, -0.04003611207008362, -0.04322609305381775, -0.044869598001241684, 0.04091167449951172, -0.0012718555517494678, 0.010185069404542446, -0.0027167059015482664, -0.047623973339796066, 0.08196570724248886, 0.0019858551677316427, 0.030823683366179466, -0.044561054557561874, 0.014288438484072685, 0.07516037672758102, 0.028584131971001625, -0.03506101667881012, -0.0910135880112648, -0.018388453871011734, 0.050882190465927124, 0.009344878606498241, -0.05433795601129532, 0.01577897183597088, 0.0406050980091095, 0.08637607097625732, 0.04737304151058197, -0.0005661014001816511, 0.0032656858675181866, -0.0026712692342698574, 0.011953597888350487, 0.015637731179594994, 0.04509656876325607, -0.05601769685745239, 0.02258714661002159]','2025-11-03 05:27:52');
INSERT INTO "projects" VALUES(8,5,'AWS Project','project using AWS','["AWS"]','[]',0,10,NULL,'[-0.022893967106938362, 0.028204295784235, -0.040039461106061935, -0.018779277801513672, 0.03486740589141846, -0.06765422970056534, 0.01623624563217163, -0.0048767258413136005, 0.024226251989603043, 0.07060398161411285, -0.04631466418504715, -0.06731119751930237, 0.09077826887369156, 0.003922829404473305, -0.02931559644639492, 0.008929679170250893, -0.010998273268342018, -0.10018187761306763, 0.02118694968521595, -0.06190260127186775, 0.0006742255645804107, 0.03821922466158867, 0.02847287431359291, 0.004017455503344536, -0.07559563219547272, 0.07376770675182343, 0.03138584643602371, 0.02887078747153282, -0.03603566437959671, -0.03612132370471954, -0.041436441242694855, 0.0318867526948452, 0.03711341321468353, 0.033570703119039536, 0.011191640980541706, 0.07451584935188293, 0.036192886531353, -0.002437757793813944, -0.004494422115385532, -0.005831307265907526, -0.04814630001783371, -0.07023097574710846, 0.007102002389729023, -0.03561132028698921, -0.012811534106731415, -0.055781152099370956, 0.014940284192562103, -0.08785050362348557, 0.025854669511318207, 0.03184099495410919, -0.016990752890706062, -0.11293083429336548, -0.02257120981812477, -0.06132696568965912, -0.08447641134262085, 0.008024174720048904, 0.011450700461864471, -0.010094298981130123, -0.01698906160891056, -0.09270355105400085, 0.029210276901721954, -0.07438187301158905, 0.05251246318221092, 0.018251633271574974, 0.04416631534695625, 0.07758188992738724, -0.04950092360377312, 0.08722979575395584, 0.021595533937215805, -0.04304800555109978, -0.019194701686501503, -0.01842096447944641, -0.11301231384277344, 0.005488825496286154, 0.021586870774626732, -0.028774600476026535, 0.05863238498568535, 0.0003474978148005903, 0.08248366415500641, -0.03922116756439209, -0.016056731343269348, -0.0014947439776733518, -0.09787401556968689, 0.07736548036336899, -0.06293408572673798, 0.015710867941379547, -0.015044420026242733, 0.02823241800069809, -0.0035652366932481527, 0.010552708059549332, -0.0010272425133734941, -0.12630422413349152, 0.11386150866746902, 0.027545122429728508, -0.01432495005428791, 0.008116811513900757, 0.02552955038845539, -0.028782237321138382, -0.022542351856827736, -0.03604522719979286, -0.0345098040997982, -0.034691449254751205, 0.04057275131344795, -0.02252979576587677, -0.0728798359632492, 0.06550554186105728, -0.055420588701963425, 0.08751018345355988, 0.043967023491859436, 0.00039927498437464237, -0.007759104948490858, -0.02390216663479805, -0.08402984589338303, -0.007713373750448227, 0.008084272965788841, 0.00984798464924097, -0.10799536108970642, -0.02952016144990921, -0.013885063119232655, 0.06177457794547081, 0.017283735796809196, 0.0015376986702904105, 0.034853365272283554, -0.08959143608808517, -0.07256579399108887, -0.015198948793113232, -0.07333141565322876, -1.6733894931214603e-33, -0.004286014009267092, 0.07283201068639755, -0.016355881467461586, 0.0915074422955513, 0.07990136742591858, -0.024763472378253937, -0.020415494218468666, 0.08279246836900711, -0.09669274091720581, -0.02917162887752056, 0.015586841851472855, 0.021146077662706375, -0.011426177807152271, 0.0079784095287323, 0.027400052174925804, -0.06455904245376587, 0.01725267432630062, 0.017735451459884644, -0.0244490634649992, 0.006359472870826721, -0.025231799110770226, -0.008412576280534267, 0.0030728857964277267, 0.007172315381467342, 0.1647859662771225, -0.008997155353426933, 0.04916708916425705, -0.006681280676275492, 0.04331642761826515, 0.034145090728998184, 0.07871609181165695, 0.02287246659398079, -0.01261972263455391, -0.09503491967916489, -0.0025770796928554773, 0.037920620292425156, 0.009608241729438305, -0.031084872782230377, 0.03675559163093567, 0.054203104227781296, 0.003459326224401593, -0.008734758011996746, -0.04726831987500191, 0.030064722523093224, 0.03663336858153343, 0.015135974623262882, 0.057625580579042435, 0.03131990507245064, 0.11412883549928665, 0.038850873708724976, -0.03964626044034958, -0.059501584619283676, 0.030223093926906586, -0.026399632915854454, 0.14672675728797913, 0.020778672769665718, 0.05051114410161972, -0.014674445614218712, -0.0045723519288003445, 0.005423079710453749, -0.04324590787291527, -0.012906142510473728, -0.07147682458162308, 0.015077856369316578, -0.009783787652850151, 0.052458491176366806, -0.0066670021042227745, 0.06296173483133316, 0.09595278650522232, 0.005519624333828688, -0.03777564316987991, 0.014937086962163448, 0.0775732696056366, 0.0637078508734703, -0.0495791919529438, 0.014248937368392944, -0.02106432430446148, -0.005723608657717705, -0.027016809210181236, 0.14104674756526947, -0.10430000722408295, -0.017209937795996666, -0.043282072991132736, 0.008113961666822433, -0.055643800646066666, -0.029714008793234825, -0.019497204571962357, 0.020113950595259666, -0.018354155123233795, 0.029828887432813644, -0.05187196657061577, -0.020075086504220963, -0.048937633633613586, 0.023105384781956673, -0.03116159699857235, -1.325309911973138e-33, -0.02911875769495964, 0.026849636808037758, -0.06274145096540451, -0.002814479172229767, 0.12054434418678284, -0.015558728948235512, 0.06240463629364967, -0.022920407354831696, -0.003148268675431609, 0.09027964621782303, -0.026266012340784073, -0.0156848207116127, -0.028229082003235817, -0.09072346240282059, -0.06458696722984314, -0.025149794295430183, -0.07002240419387817, -0.11696122586727142, 0.011448325589299202, 0.035249777138233185, -0.056496888399124146, 0.04071008041501045, 0.006503882817924023, 0.0026544234715402126, 0.07678833603858948, 0.017140407115221024, -0.08907704055309296, -0.07633689045906067, 0.06125696375966072, -0.03514385223388672, 0.012278037145733833, -0.06602104753255844, -0.012154261581599712, -0.020924899727106094, -0.06368035078048706, 0.00332085439004004, 0.027823518961668015, -0.0032035179901868105, -0.013863412663340569, -0.09102845191955566, 0.0934574156999588, -0.022359104827046394, -0.031018322333693504, -0.019386403262615204, -0.041769422590732574, 0.005145937204360962, -0.04085570201277733, 0.062274686992168427, -0.047334395349025726, -0.09101267158985138, -0.04768786579370499, -0.03181380033493042, -0.012635858729481697, 0.0020672057289630175, 0.06116002798080444, 0.022287260740995407, 0.019245175644755363, 0.050715819001197815, 0.026304958388209343, 0.010887134820222855, 0.03568362072110176, -0.07939337939023972, 0.0464932955801487, 0.05067070573568344, -0.017018117010593414, -0.10176169127225876, -0.017623133957386017, 0.07867446541786194, -0.0701531171798706, -0.026027677580714226, -0.05987805873155594, 0.03322737291455269, 0.010747242718935013, -0.02659817971289158, -0.012413744814693928, -0.028775695711374283, -0.04745858162641525, -0.025083020329475403, 0.036897629499435425, -0.031210213899612427, -0.02962212637066841, 0.07023834437131882, -0.04633667692542076, 0.02910759113729, 0.03894548490643501, 0.11264035850763321, 0.03547967970371246, 0.0024258207995444536, 0.027650976553559303, 0.0223125908523798, -0.16388638317584991, -0.09010843187570572, 0.010325592942535877, 0.004866438917815685, -0.047653015702962875, -2.638840079782767e-08, 0.008779865689575672, 0.07436855137348175, 0.0010416277218610048, 0.02574973925948143, 0.006051091477274895, 0.049981214106082916, -0.08779805898666382, 0.04134775698184967, 0.064999520778656, 0.004308546893298626, -0.0380951426923275, -0.05962848290801048, -0.06900195777416229, 0.08347164839506149, -0.01290903054177761, -0.020948896184563637, 0.010633910074830055, 0.09942024946212769, 0.05597984418272972, -0.04440993070602417, 0.031066637486219406, 0.039074044674634933, -0.01519856695085764, 0.02128739468753338, 0.006617370527237654, 0.027047663927078247, -0.031289782375097275, -0.0528169609606266, -0.02010379359126091, -0.016141341999173164, -0.012944755144417286, -0.052453167736530304, -0.022613216191530228, -0.027183445170521736, 0.08552832901477814, -0.06801716238260269, -0.06725747883319855, -0.02748282067477703, 0.0006570284022018313, 0.05320409685373306, 0.0006305683054961264, 0.05206633359193802, 0.01431344822049141, 0.02421303652226925, 0.011135842651128769, -0.03390941768884659, -0.04320114105939865, 0.01182001642882824, -0.07806146144866943, 0.03600187599658966, -0.02838405966758728, -0.059197016060352325, -0.06615716964006424, 0.11918006092309952, 0.05297143757343292, 0.07746730744838715, 0.10298782587051392, -0.06616948544979095, 0.016430914402008057, 0.058681782335042953, 0.14808893203735352, 0.06391573697328568, -0.033606886863708496, 0.02239302359521389]','2025-11-04 04:44:00');
CREATE TABLE resumes (
	id INTEGER NOT NULL, 
	user_id INTEGER NOT NULL, 
	filename VARCHAR, 
	raw_text TEXT, 
	parsed_json JSON, 
	embedding JSON, 
	created_at DATETIME DEFAULT CURRENT_TIMESTAMP, 
	PRIMARY KEY (id), 
	FOREIGN KEY(user_id) REFERENCES users (id)
);
CREATE TABLE typing_indicators (
	id INTEGER NOT NULL, 
	room_id INTEGER NOT NULL, 
	user_id INTEGER NOT NULL, 
	expires_at DATETIME NOT NULL, 
	created_at DATETIME DEFAULT CURRENT_TIMESTAMP, 
	PRIMARY KEY (id), 
	FOREIGN KEY(room_id) REFERENCES chat_rooms (id), 
	FOREIGN KEY(user_id) REFERENCES users (id)
);
CREATE TABLE users (
	id INTEGER NOT NULL, 
	email VARCHAR NOT NULL, 
	name VARCHAR, 
	hashed_password VARCHAR NOT NULL, 
	bio TEXT, 
	role VARCHAR, 
	skills JSON, 
	embedding JSON, 
	is_active BOOLEAN, 
	email_verified BOOLEAN NOT NULL, 
	created_at DATETIME DEFAULT CURRENT_TIMESTAMP, 
	PRIMARY KEY (id)
);
INSERT INTO "users" VALUES(1,'alice@example.com','Alice Johnson','$argon2id$v=19$m=65536,t=3,p=4$AECoNca4d07JuRfCuBfC2A$H/cX4mfE+zOZuzuHz8J678lKzk06DEumzu57BDMC4Ho','Passionate full-stack dev building ML apps',NULL,'["python", "fastapi", "react", "pytorch"]','[-0.05377732589840889, -0.12166240811347961, 0.033281631767749786, 0.02675303816795349, 0.0024774533230811357, -0.07916054874658585, -0.029560882598161697, 0.03286170959472656, -0.10662239789962769, -0.07663627713918686, -0.06500917673110962, -0.1265408843755722, -0.026839133352041245, -0.024248581379652023, -0.007833258248865604, 0.08377622812986374, 0.0015581640182062984, -0.023787563666701317, 0.015735946595668793, -0.1250402182340622, -0.04570203647017479, -0.09376583248376846, 0.03914771229028702, -0.01545748207718134, 0.007000660989433527, 0.016207758337259293, 0.013092969544231892, 0.01407464686781168, 0.034997180104255676, -0.04135984554886818, -0.016072629019618034, 0.021942194551229477, 0.07362744957208633, 0.08484333753585815, 0.01386840920895338, 0.13599614799022675, -0.03765389695763588, -0.10599848628044128, 0.054859090596437454, -0.061968859285116196, 0.022332370281219482, -0.06411729753017426, -0.041319262236356735, -0.013470160774886608, 0.03232463449239731, -0.03541126474738121, 0.07288865745067596, -0.11562110483646393, 0.007914363406598568, 0.002357217948883772, -0.03883347287774086, -0.04723585024476051, -0.04536622390151024, -0.016722070053219795, 0.004911382682621479, 0.028264785185456276, 0.02000720053911209, 0.00496747437864542, 0.02564968913793564, -0.017523985356092453, -0.0424734428524971, 0.011702210642397404, 0.004510491620749235, 0.0660102516412735, 0.02713213488459587, -0.02226347103714943, -0.10764659941196442, 0.03156648203730583, 0.0854782834649086, -0.07788265496492386, 0.018561428412795067, -0.014710994437336922, -0.024105288088321686, 0.022727642208337784, 0.04791949689388275, -0.05566779151558876, 0.0691031888127327, -0.021363183856010437, 0.03769925981760025, -0.049093760550022125, -0.009192761965095997, -0.027693139389157295, -0.06534489244222641, 0.10311610251665115, -0.09704843908548355, 0.02084856852889061, -0.0484742596745491, 0.09629394859075546, -0.003100738162174821, -0.005262741819024086, 0.0918358862400055, -0.06364518404006958, 0.052386559545993805, 0.06484301388263702, 0.002142164623364806, 0.027951812371611595, 0.03648625314235687, -0.03900632634758949, -0.09581068903207779, 0.014943670481443405, -0.07169034332036972, -0.04845786467194557, -0.0229831300675869, 0.024334324523806572, -0.09834159165620804, 0.01756085641682148, -0.06244118511676788, -0.017275342717766762, 0.02504812553524971, 0.03566158562898636, -0.008811968378722668, -0.02455556020140648, -0.018284516409039497, 0.03979753702878952, 0.0409027524292469, 0.010123955085873604, -0.04261282831430435, 0.02956261858344078, 0.03581598401069641, 0.03469862788915634, -0.002336763311177492, 0.08440801501274109, -0.028411680832505226, -0.03492409735918045, -0.021656176075339317, 0.0182971004396677, -0.05238533020019531, 1.762955366827403e-33, -0.02376638911664486, 0.044321250170469284, 0.02146092616021633, 0.07553687691688538, 0.049811944365501404, -0.0225974228233099, 0.09024183452129364, 0.026822196319699287, -0.026184573769569397, 0.014218732714653015, 0.00825419556349516, 0.07476827502250671, -0.07478700578212738, 0.10757167637348175, -0.02297387830913067, -0.04914889112114906, -0.004535511136054993, 0.045678701251745224, -0.06138475239276886, 0.025120524689555168, -0.041497670114040375, 0.01281018927693367, -0.08716516941785812, 0.07974810898303986, 0.036256782710552216, 0.034088846296072006, 0.014416675083339214, 0.03215552121400833, 0.035154785960912704, 0.03742523118853569, -0.06602638214826584, 0.004352339543402195, -0.06036007031798363, -0.021802224218845367, 0.024079734459519386, 0.0019154449691995978, -0.04228002578020096, -0.09054572880268097, -0.009589353576302528, 0.04529545083642006, -0.09976715594530106, 0.024324806407094002, -0.014958234503865242, -0.02628333866596222, -0.024656984955072403, -0.02861163206398487, 0.02863861247897148, 0.040863968431949615, 0.04604395851492882, 0.04498175159096718, -0.1356290578842163, -0.03394026309251785, 0.0400780588388443, -0.03256834298372269, 0.047887057065963745, -0.03983530029654503, 0.052019067108631134, 0.011099288240075111, 0.038190003484487534, 0.010152783244848251, -0.06386098265647888, 0.06021677702665329, -0.06005670875310898, 0.06540913134813309, -0.06178244575858116, 0.030614499002695084, 0.008783792145550251, 0.021530454978346825, 0.1368008702993393, 0.07908068597316742, -0.05798065662384033, 0.04821173474192619, 0.0313250757753849, 0.020906338468194008, -0.11941678822040558, -0.026688329875469208, -0.03604951128363609, -0.03927979990839958, 0.023671206086874008, 0.07224562764167786, -0.023101037368178368, 0.006168125197291374, -0.0034206064883619547, 0.010078522376716137, 0.023198086768388748, -0.004148748703300953, -0.03337746486067772, -0.026974814012646675, 0.016657372936606407, 0.0341486893594265, -0.09118714928627014, -0.07693582028150558, 0.0542999729514122, 0.01013692282140255, -0.11653325706720352, -3.920409209184658e-33, -0.0065136319026350975, -0.026961542665958405, -0.05214918404817581, 0.020366504788398743, 0.028896557167172432, 0.01788121461868286, 0.010738614946603775, -0.0038633234798908234, 0.014960122294723988, 0.09235404431819916, -0.018030866980552673, 0.013423017226159573, -0.0026195438113063574, 0.010150772519409657, -0.016469864174723625, 0.061514899134635925, -0.06688390672206879, -0.029914602637290955, 0.02604726515710354, 0.00445887167006731, -0.04968511685729027, 0.044283658266067505, -0.06365180760622025, 0.0954572930932045, 0.012619162909686565, -0.025244630873203278, -0.04451838880777359, -0.025743748992681503, -0.01724431663751602, 0.025421131402254105, 0.027712509036064148, -0.0437953807413578, -0.026227086782455444, -0.012615072540938854, -0.025941098108887672, -0.020955830812454224, 0.050448160618543625, -0.015352095477283001, 0.07336124032735825, 0.0373685359954834, 0.1307504028081894, -0.0901905968785286, -0.01591997593641281, -0.017281783744692802, -0.06303184479475021, 0.02234691008925438, -0.024034246802330017, -0.019290009513497353, -0.0002910205803345889, -0.09310831129550934, -0.02826123684644699, 0.056503914296627045, 0.023119978606700897, -0.023037463426589966, 0.026171863079071045, -0.018189452588558197, 0.0724857822060585, -0.02797614596784115, 0.023788241669535637, -0.051334988325834274, 0.01851191371679306, -0.0842473953962326, 0.08687308430671692, 0.057870544493198395, -0.025254802778363228, -0.02078828401863575, -0.026523154228925705, 0.05356084927916527, -0.0935894176363945, -0.07351171970367432, 0.07612988352775574, -0.020822733640670776, 0.0346200130879879, 0.02647591382265091, -0.08082596212625504, 0.003945888020098209, -0.06906691938638687, -0.018633117899298668, -0.003556817304342985, -0.008854237385094166, -0.04778306558728218, -0.03247485309839249, 0.03384719789028168, 0.08824829757213593, -0.010695421136915684, 0.021140791475772858, 0.03842105343937874, 0.01390026044100523, 0.052526261657476425, -0.10042249411344528, -0.01107025146484375, 0.041468337178230286, -0.00039510353235527873, -0.011307857930660248, -0.026337631046772003, -3.71053516801112e-08, 0.0036393404006958008, 0.005548057146370411, 0.005978198256343603, 0.02978530526161194, -0.017769988626241684, 0.03578396514058113, -0.09266749769449234, 0.051176007837057114, 0.03570198640227318, 0.09804262965917587, -0.03044014424085617, -0.07003860920667648, -0.07284672558307648, -0.003919167444109917, 0.164992555975914, 0.0864420160651207, -0.009012375958263874, 0.1386742889881134, 0.022013699635863304, -0.033783625811338425, 0.059618473052978516, 0.07591740041971207, -0.0316762775182724, -0.0042932163923978806, -0.008276122622191906, -0.03484473377466202, -0.007385957054793835, 0.006993846036493778, -0.04125412553548813, 0.008273346349596977, -0.03994474560022354, -0.031421247869729996, -0.023269018158316612, -0.026218334212899208, 0.06409390270709991, 0.03676930069923401, 0.0501965694129467, -0.05571187287569046, -0.013433375395834446, 0.0816761702299118, -0.09544351696968079, 0.035008013248443604, 0.015110781416296959, 0.005926269106566906, -0.014757143333554268, 0.011248871684074402, -0.053439248353242874, -0.04588793218135834, 0.0470515638589859, -0.00781586579978466, 0.025264838710427284, 0.00552812684327364, -0.016698909923434258, -0.008988994173705578, 0.017919907346367836, 0.10693760961294174, -0.01562688872218132, -0.02306508459150791, -0.03724779188632965, -0.003079249756410718, 0.13004161417484283, 0.027672667056322098, 0.006304409354925156, 0.016944559291005135]',1,0,'2025-11-03 05:01:53.866884');
INSERT INTO "users" VALUES(2,'bob@example.com','Bob Kumar','$argon2id$v=19$m=65536,t=3,p=4$h5BS6t1ba+2d03qvNaZ0Tg$FW6rF4taVb/956xmnmiUfpOJ/MiGSnj1++kAQyj6n7U','Backend engineer',NULL,'["python", "django", "postgresql", "docker"]','[0.004716710187494755, -0.06013365462422371, 0.031256984919309616, 0.03567348048090935, -0.06450211256742477, -0.07448247075080872, -0.01030067726969719, -0.006313364487141371, -0.1000204011797905, -0.017397401854395866, -0.13291020691394806, -0.004514551721513271, 0.011055012233555317, -0.017273884266614914, -0.030648883432149887, -0.011088166385889053, 0.04355883225798607, -0.006951934192329645, 0.04247114807367325, -0.11466878652572632, -0.10548054426908493, -0.059341348707675934, 0.045137353241443634, -0.007966716773808002, -0.01894405670464039, -0.006826749071478844, -0.007108914200216532, 0.05108506605029106, -0.04563095048069954, -0.057326123118400574, -0.04957140237092972, 0.023250333964824677, 0.03796956688165665, 0.1034916490316391, -0.07103073596954346, 0.11987753212451935, 0.09053397178649902, -0.10599930584430695, 0.03997216373682022, -0.032744839787483215, 0.029293691739439964, 0.00699508935213089, -0.11098740994930267, -0.03268054872751236, -0.0027821180410683155, -0.10340094566345215, 0.03880302980542183, -0.08311197906732559, 0.017675576731562614, -0.030340444296598434, -0.025543760508298874, -0.012371296994388103, 0.0057371873408555984, -0.041183847934007645, -0.05875953286886215, 0.07056837528944016, -0.0009489657240919769, -0.007571770343929529, -0.03598037362098694, -0.04663098603487015, -0.04455243796110153, -0.014301774092018604, -0.019146621227264404, 0.03982040286064148, -0.030501646921038628, -0.0477873831987381, -0.06360257416963577, 0.030565079301595688, 0.07267944514751434, -0.07471470534801483, 0.01309262216091156, -0.006061206106096506, -0.08721920847892761, -0.05193155258893967, 0.024321174249053, -0.06890497356653214, 0.04087550938129425, -0.02180587127804756, -0.006765528582036495, -0.031647466123104095, 0.03044205717742443, 0.0020832461304962635, -0.08810677379369736, 0.06991932541131973, -0.13321448862552643, -0.06730691343545914, -0.03767888620495796, 0.09475621581077576, 0.0037320079281926155, -0.007094086147844791, 0.07959412038326263, 0.03561542555689812, 0.05833033472299576, 0.02857346646487713, 0.011428569443523884, 0.04952383041381836, 0.11080420017242432, -0.03409615159034729, -0.03298107907176018, -0.010965238325297832, 0.011816591955721378, -0.07424987852573395, 0.12493019551038742, 0.06148465350270271, -0.0700375959277153, 0.030668316408991814, -0.07366038113832474, -0.017402581870555878, 0.013544556684792042, -0.005673697218298912, -0.05929061025381088, -0.0036919531412422657, -0.06526931375265121, 0.04658499360084534, 0.04195678234100342, 0.032302867621183395, -0.08043605089187622, 0.044593166559934616, 0.04085120931267738, -0.04140489548444748, 0.04540381580591202, 0.11382918804883957, 0.010981031693518162, -0.058857761323451996, 0.013379842974245548, -0.004418610129505396, -0.03931743651628494, 4.214386479165392e-34, 0.02550630085170269, 0.037902411073446274, 0.0837446078658104, 0.08164837211370468, 0.07424566894769669, 0.03597573935985565, 0.00927765667438507, 0.07820254564285278, -0.017222415655851364, 0.0025232466869056225, -0.015716416761279106, 0.1121787503361702, -0.02366901934146881, 0.05596457049250603, 0.08868306130170822, -0.00547064607962966, -0.05246042460203171, 0.057273201644420624, 0.0013187587028369308, 0.015506266616284847, -0.007679510395973921, -0.011685628443956375, -0.09509938955307007, 0.10160060226917267, 0.06524179875850677, -0.0123698515817523, 0.023714514449238777, -0.022852443158626556, 0.012972800992429256, 0.029040658846497536, -0.021457217633724213, -0.029922904446721077, -0.020570214837789536, -0.028105085715651512, -0.0059413244016468525, 0.06519609689712524, -0.03635517135262489, -0.04568852111697197, 0.03241703286767006, -0.02724289335310459, -0.08070392906665802, 0.0216387826949358, -0.010668029077351093, -0.03818238154053688, -0.005166913848370314, -0.04889269173145294, 0.04691481962800026, 0.01647101901471615, 0.036820389330387115, 0.12778057157993317, -0.024411406368017197, -0.08147910237312317, 0.05535981059074402, 0.038895383477211, 0.036563362926244736, 0.02424583211541176, 0.07518438994884491, 0.019310850650072098, -0.040362223982810974, 0.01858125440776348, 0.023014048114418983, 0.0009322539553977549, -0.04768956080079079, -0.02956341579556465, -0.027754485607147217, -0.022301269695162773, 0.012765145860612392, 0.08378281444311142, 0.14321468770503998, 0.08849744498729706, -0.10965526849031448, 0.03383718058466911, 0.006027265451848507, 0.05740794539451599, -0.062348149716854095, 0.01668652705848217, -0.10040825605392456, -0.023702949285507202, 0.055350013077259064, 0.10815465450286865, -0.06608860939741135, 0.0031692322809249163, -0.015488405711948872, 0.0335482656955719, 0.00508069945499301, 0.025247875601053238, 0.03777015954256058, 0.028208937495946884, 0.02668667398393154, 0.04284337908029556, -0.052331261336803436, -0.023194052278995514, 0.07761213928461075, 0.057864461094141006, -0.0630582869052887, -4.346891783974431e-33, -0.03799491375684738, -0.034141041338443756, -0.02052072249352932, 0.05240943282842636, 0.025292091071605682, -0.005842653103172779, 0.07417021691799164, 0.031943656504154205, 0.014687436632812023, -0.04792899265885353, -0.04663202166557312, 0.010475590825080872, 0.0616958849132061, -0.013809045776724815, -0.03704199939966202, 0.05510913208127022, -0.11778055876493454, -0.039779938757419586, -0.06581307202577591, 0.019955329596996307, -0.03863607719540596, -0.02932862564921379, 0.009209317155182362, 0.0641072690486908, 0.00984869059175253, -0.0583215206861496, 0.002642745850607753, -0.08469267189502716, -0.032623786479234695, 0.06549236178398132, 0.047967296093702316, 0.009756562300026417, 0.020207257941365242, 0.021742984652519226, -0.010311217978596687, -0.02022189274430275, -0.016951797530055046, -0.01048708613961935, 0.023169416934251785, 0.03517208620905876, 0.06616243720054626, -0.006994843017309904, 0.054240696132183075, 0.002600141102448106, -0.0813930407166481, -0.0051645939238369465, -0.03375618904829025, -0.022213483229279518, -0.017281565815210342, -0.07322726398706436, -0.03928240016102791, -8.554783562431112e-05, -0.021473800763487816, -0.03557351231575012, -0.0017255315324291587, -0.05540556460618973, 0.03383875638246536, -0.013928508386015892, -0.05362686887383461, -0.02112516202032566, 0.010398795828223228, 0.02570536360144615, 0.08173048496246338, 0.0816400870680809, -0.05303695797920227, -0.06379447877407074, -0.030200563371181488, 0.05975254252552986, -0.09792313724756241, -0.10767713189125061, 0.08688639104366302, -0.02628220245242119, -0.0058885253965854645, 0.04485132172703743, -0.04767270013689995, -0.03133244067430496, -0.09329602867364883, -0.017558718100190163, -0.016557227820158005, 0.024765562266111374, -0.008948789909482002, -0.03361726552248001, -0.02919684909284115, 0.057056963443756104, -0.057057369500398636, -0.0052487668581306934, -0.0010763376485556364, -0.0264817476272583, 0.030594704672694206, -0.090394027531147, -0.020570814609527588, 0.0047722854651510715, -0.1257895678281784, 0.017105083912611008, 0.01886834017932415, -3.0426104302705426e-08, -0.026812732219696045, 0.05462610721588135, 0.02315390296280384, 0.031368814408779144, -0.020166559144854546, 0.0569089837372303, -0.03730278089642525, 0.05203838273882866, 0.03372897952795029, 0.013935784809291363, -0.014721923507750034, -0.1188277155160904, -0.06531711667776108, 0.015529314987361431, 0.09320566803216934, 0.04621469974517822, -0.02112380601465702, 0.10811871290206909, 0.01614643633365631, -0.091240294277668, 0.0203874409198761, 0.03396529704332352, -0.02516017109155655, -0.002646953798830509, 0.01855911687016487, -0.019217349588871002, -0.04746440798044205, -0.027337469160556793, -0.013436404056847095, 0.05381748452782631, 0.048038940876722336, -0.10297783464193344, -0.03813879191875458, -0.016003066673874855, 0.062447551637887955, -0.01857990399003029, 0.036352913826704025, -0.060952071100473404, -0.02865694649517536, 0.05339626595377922, -0.02608785592019558, -0.02292397804558277, 0.008235877379775047, -0.0027567290235310793, -0.008564166724681854, -0.006550882942974567, -0.03917171433568001, 0.03494379296898842, 0.03240884095430374, 0.017709769308567047, 0.02019653469324112, -0.012900813482701778, -0.016598064452409744, -0.01885894499719143, 0.05927879363298416, 0.06367725133895874, 0.028631098568439484, 0.010698588564991951, -0.053917184472084045, -0.009964531287550926, 0.06359408050775528, 0.051552169024944305, 0.008094833232462406, 0.0589081235229969]',1,0,'2025-11-03 05:01:54.030308');
INSERT INTO "users" VALUES(3,'carol@example.com','Carol Singh','$argon2id$v=19$m=65536,t=3,p=4$WouREkIo5VyLMSYkJITwXg$9QFNBztfr/rh0uQJrKO5fPKYBM2vcuVuNXSuUD1i5/k','Frontend dev and UI lover',NULL,'["react", "typescript", "tailwind"]','[0.03215530142188072, -0.09773102402687073, 0.05941394716501236, 0.019683221355080605, 0.011360838077962399, -0.014627787284553051, 0.03945174068212509, 0.09282631427049637, -0.09467048197984695, -0.038596875965595245, -0.13406051695346832, -0.037263233214616776, -0.010963519103825092, 0.0040873088873922825, 0.021613989025354385, -0.01202861312776804, 0.015975547954440117, -0.0757550522685051, 0.050618868321180344, -0.08220898360013962, -0.021728798747062683, -0.06618240475654602, 0.09715496748685837, -0.003068348625674844, 0.026554374024271965, 0.026502558961510658, 0.009042489342391491, -0.013876180164515972, -0.030348200350999832, -0.08159206807613373, -0.05618380382657051, 0.06220953166484833, 0.007739762309938669, 0.020328085869550705, -0.10243093222379684, 0.0938735231757164, 0.0368330143392086, -0.051542773842811584, 0.028104035183787346, -0.06672947108745575, -0.029751703143119812, 0.005229439586400986, -0.05343445762991905, -0.045991770923137665, 0.07051599770784378, -0.08212444931268692, 0.05382712557911873, -0.09564249962568283, -0.051667407155036926, 0.0392901711165905, 0.004046089015901089, -0.041779812425374985, 0.00967725832015276, 0.015793247148394585, 0.026244517415761948, 0.05287022888660431, -0.03921019285917282, -0.029603909701108932, 0.029917802661657333, 0.00893552415072918, -0.006872343365103006, -0.001183279324322939, -0.00532586919143796, 0.0095231207087636, 0.05490903928875923, -0.04134590923786163, -0.08864890038967133, 0.04043465107679367, 0.06894490867853165, -0.09886591136455536, -0.061662543565034866, -0.004376725293695927, 0.009965764358639717, 0.0023727682419121265, 0.03910790756344795, -0.14395727217197418, 0.04690491780638695, -0.011403312906622887, 0.034601375460624695, -0.039497777819633484, 0.003939149901270866, 0.007351640146225691, -0.057251669466495514, 0.07980037480592728, -0.0653994083404541, 0.05278029292821884, 0.008219782263040543, 0.038306690752506256, -0.046642981469631195, 0.009058241732418537, 0.022896859794855118, -0.044779084622859955, 0.13322150707244873, 0.008917399682104588, 0.05020563676953316, 0.049636755138635635, 0.02748975344002247, -0.03231429681181908, -0.01825709082186222, 0.005889371503144503, -0.014391393400728703, -0.055873531848192215, 0.07428348064422607, 0.05701515078544617, -0.10521990805864334, 0.03572743013501167, -0.0776158943772316, -0.004180906340479851, 0.005638682283461094, 0.005791009869426489, -0.03088260069489479, -0.00526924803853035, -0.016611609607934952, -0.022450007498264313, 0.04432283714413643, -0.0050136130303144455, -0.09139630198478699, -0.01840296946465969, 0.07486177980899811, -0.0028273342177271843, 0.03305996581912041, 0.11267425864934921, -0.0024541239254176617, -0.015996331349015236, 0.09170795232057571, -0.008339634165167809, 0.036507029086351395, 8.170827253432142e-34, 0.025860842317342758, 0.09456486999988556, 0.025479139760136604, 0.12146828323602676, 0.04580256715416908, 0.02368967793881893, 0.04349648579955101, 0.03714485466480255, -0.04659542813897133, 0.037479132413864136, 0.013429271057248116, 0.14423178136348724, -0.05880269780755043, 0.020259445533156395, 0.054720763117074966, -0.02684878557920456, -0.006260365713387728, -0.007576599717140198, -0.040332600474357605, -0.08166737109422684, -0.024276629090309143, 0.031076401472091675, -0.07921542972326279, 0.09413431584835052, 0.06729432195425034, -0.05800199136137962, 0.01040132436901331, 0.053659435361623764, 0.004001101944595575, 0.01019015721976757, 0.02101900801062584, 0.012700188905000687, 0.0036988200154155493, -0.007215738296508789, 0.028108976781368256, -0.003942516166716814, -0.04798435419797897, -0.09400375187397003, 0.04231898859143257, -0.011408042162656784, -0.07716837525367737, 0.028559228405356407, -0.06237855553627014, 0.045568279922008514, -0.029900720342993736, -0.08270643651485443, 0.05606283247470856, 0.03542467951774597, 0.04707024618983269, 0.07322194427251816, -0.11933307349681854, -0.013178471475839615, 0.0670771673321724, 0.004117329139262438, 0.08262555301189423, 0.01425202190876007, 0.07862589508295059, 0.01867228001356125, -0.015533285215497017, 0.04527575150132179, -0.010618921369314194, 0.046131864190101624, -0.05787625163793564, -0.019310351461172104, -0.051818475127220154, 0.009562315419316292, 0.014516094699501991, 0.04336395859718323, 0.10833718627691269, 0.02452515996992588, -0.07621801644563675, 0.023135151714086533, 0.03644489124417305, 0.0642450675368309, -0.05628177896142006, -0.008842159993946552, -0.05407391116023064, -0.01731325313448906, 0.06354600936174393, 0.06057463586330414, -0.04890423268079758, -0.006498726550489664, -0.03277331963181496, 0.07743502408266068, 0.0645100399851799, -0.014213111251592636, -0.03739498555660248, -0.08181547373533249, 0.02069067396223545, 0.05980523303151131, -0.05119658634066582, -0.06881117820739746, 0.08978459984064102, 0.04914836212992668, -0.10603645443916321, -2.6481786527874043e-33, -0.015912316739559174, -0.014268720522522926, -0.0956302061676979, 0.026999525725841522, 0.018394911661744118, 0.023714324459433556, 0.014451629482209682, 0.00594622828066349, -0.039981864392757416, -0.00294469459913671, 0.00832371786236763, 0.059054382145404816, 0.03664001449942589, 0.030510613694787025, -0.06187383085489273, 0.027674032375216484, -0.0502815879881382, -0.04180778190493584, 0.004447632934898138, -0.02840960957109928, 0.047735366970300674, -0.03804922103881836, -0.040480196475982666, 0.08842835575342178, -0.0447198785841465, -0.00405867537483573, 0.036397021263837814, -0.0365401990711689, -0.04163002967834473, 0.03228851407766342, 0.05063809081912041, -0.06416255980730057, 0.031157489866018295, -0.039675552397966385, -0.006741628050804138, -0.02203027345240116, 0.02984354831278324, -0.009189749136567116, -0.02649909444153309, -0.023773955181241035, 0.0012220017379149795, -0.04397378861904144, 0.05177886039018631, -0.0347747802734375, -0.0407114252448082, 0.009287487715482712, -0.05726217105984688, -0.012947957962751389, -0.0022326973266899586, -0.03065989911556244, -0.010160279460251331, -0.017921186983585358, 0.01653534360229969, -0.11724920570850372, -0.015827098861336708, -0.040542129427194595, 0.07625484466552734, -0.04631824046373367, 0.03261077031493187, -0.009325981140136719, 0.07017626613378525, -0.0045470548793673515, 0.11558795720338821, 0.06095924228429794, -0.028579922392964363, -0.11982541531324387, -0.09671235084533691, 0.07589476555585861, -0.017435818910598755, -0.04707442596554756, 0.059560611844062805, -0.02417326159775257, 0.020118912681937218, -0.010742027312517166, -0.001553728710860014, -0.02625080943107605, 0.004309340380132198, -0.03607143089175224, 0.012890815734863281, 0.03381969779729843, -0.02716001309454441, 0.0558791384100914, 0.0230625718832016, 0.04421253874897957, -0.08572568744421005, 0.07489337027072906, -0.03265705332159996, -0.016751157119870186, 0.05643453821539879, -0.040329523384571075, -0.035638995468616486, 0.03425684571266174, -0.09543949365615845, -0.03594745695590973, -0.02885248512029648, -2.884299199479301e-08, -0.04510924220085144, 0.02686178684234619, -0.0076924036256968975, 0.0001398396270815283, -0.01172848790884018, 0.04332923889160156, -0.08738201856613159, -0.02506244368851185, -0.0044306558556854725, 0.01051894947886467, -0.029946982860565186, 0.03247019648551941, -0.059768859297037125, -0.04760473966598511, 0.1605183482170105, 0.01845707930624485, -0.02574714832007885, 0.1279790997505188, -0.022570181638002396, -0.12515860795974731, 0.08005491644144058, 0.051151156425476074, -0.04699062556028366, 0.03653724864125252, 0.003861238481476903, -0.03077557682991028, 0.0008973852382041514, -0.010451269336044788, -0.01593957468867302, 0.06600387394428253, -0.018059518188238144, -0.03383934870362282, -0.017382683232426643, -0.06284842640161514, 0.03321445733308792, 0.009791193529963493, -0.0024562471080571413, -0.06521734595298767, -0.048029519617557526, 0.018841935321688652, 0.01370981801301241, 0.03870189189910889, 0.006898604799062014, 0.042572636157274246, -0.0657716915011406, 0.0070701404474675655, 0.01342544611543417, 0.012732760049402714, 0.04533025994896889, -0.08247639983892441, -0.02071831189095974, -0.020363066345453262, -0.10298099368810654, 0.004480292089283466, 0.0021697029005736113, 0.0694231241941452, 0.027357975021004677, -0.032103389501571655, -0.0026167514733970165, -0.050576627254486084, 0.0630924180150032, 0.013559187762439251, 0.02751622162759304, 0.0712694525718689]',1,0,'2025-11-03 05:01:54.147958');
INSERT INTO "users" VALUES(4,'purvikabansal05@gmail.com','Purvika Bansal','$argon2id$v=19$m=65536,t=3,p=4$K8UYY4zxXivFOGcMYaw1Bg$6qLpi8o28JjKWtC0B1uQNhdiasZlYDMn/srQPl/Wb6c',NULL,NULL,'["css", "html", "javascript", "react", "express", "mongodb", "sql"]',NULL,1,0,'2025-11-03 05:06:04');
INSERT INTO "users" VALUES(5,'arpitasethi3105@gmail.com','Arpita Sethi','$argon2id$v=19$m=65536,t=3,p=4$oFTKmXPO2Vtrbc15b21NCQ$h50tWlVshj1YSkqTPYssNVooyTC2bCtyddcrbA+DEtc',NULL,NULL,'["css", "html", "javascript", "react", "tailwind", "express", "fastapi", "flask", "nodejs", "python", "transformers", "sql"]',NULL,1,0,'2025-11-03 05:16:58');
INSERT INTO "users" VALUES(6,'devanshk05@gmail.com','Devansh','$argon2id$v=19$m=65536,t=3,p=4$iDFGSOndW0uplZIy5pwzJg$RKEpPNb/0rVJYpcrfCf1cG5zUGi0vXKE24LczLjLl64',NULL,NULL,'["css", "html", "javascript", "react", "express", "fastapi", "java", "nodejs", "python", "cv", "nlp", "pytorch", "sklearn", "tensorflow", "transformers", "numpy", "pandas", "sql"]',NULL,1,0,'2025-11-03 05:19:28');
INSERT INTO "users" VALUES(7,'abhinavdhir.2517@gmail.com','Abhinav','$argon2id$v=19$m=65536,t=3,p=4$zLk3xjgnJARAqHXO+T8HoA$4ZaBGccUN7nhumIwCbT1U8TlwYb3ybX6tBKbU9aw02Q',NULL,NULL,'["python", "cv", "nlp", "pytorch", "sklearn", "tensorflow", "transformers", "numpy", "pandas", "sql"]',NULL,1,0,'2025-11-03 05:32:25');
CREATE UNIQUE INDEX ix_users_email ON users (email);
CREATE INDEX ix_users_id ON users (id);
CREATE INDEX ix_presignup_verifications_email ON presignup_verifications (email);
CREATE INDEX ix_presignup_verifications_id ON presignup_verifications (id);
CREATE INDEX ix_icebreakers_id ON icebreakers (id);
CREATE INDEX ix_resumes_id ON resumes (id);
CREATE INDEX ix_projects_id ON projects (id);
CREATE INDEX ix_email_verifications_id ON email_verifications (id);
CREATE INDEX ix_password_resets_id ON password_resets (id);
CREATE UNIQUE INDEX ix_password_resets_token ON password_resets (token);
CREATE INDEX ix_matches_id ON matches (id);
CREATE INDEX ix_chat_rooms_id ON chat_rooms (id);
CREATE INDEX ix_messages_id ON messages (id);
CREATE INDEX ix_typing_indicators_id ON typing_indicators (id);
DELETE FROM "sqlite_sequence";
INSERT INTO "sqlite_sequence" VALUES('chat_rooms',8);
COMMIT;
